Campo1;Campo2;Campo3;Campo4
.00;36.00
298;3.00;7.00;48.00
299;8.00;10.00;13.00
0;3.00;8.00;62.00
1;9.00;11.00;8.00
2;2.00;11.00;56.00
3;9.00;3.00;51.00
4;3.00;0.00;8.00
5;3.00;3.00;66.00
6;9.00;11.00;17.00
7;7.00;0.00;68.00
8;0.00;1.00;49.00
9;2.00;12.00;69.00
10;1.00;11.00;90.00
11;4.00;1.00;20.00
12;4.00;12.00;62.00
13;4.00;4.00;1.00
14;0.00;8.00;76.00
15;1.00;6.00;97.00
16;5.00;2.00;90.00
17;4.00;3.00;25.00
18;9.00;0.00;27.00
19;6.00;12.00;34.00
20;4.00;6.00;49.00
21;0.00;9.00;32.00
22;2.00;11.00;90.00
23;9.00;8.00;5.00
24;5.00;3.00;27.00
25;9.00;12.00;24.00
26;6.00;0.00;56.00
27;4.00;2.00;45.00
28;7.00;9.00;9.00
29;4.00;0.00;65.00
30;3.00;0.00;1.00
332;5.00.00
33;1.00;6.00;42.00
34;6.00;4.00;12.00
356;8.00;2.00;31.00
37;4.00;7.00;64.00
38;7.00;4.00;38.00
39;1.00;1.00;87.00
40;1.00;1.00;13.00
41;9.00;11.00;50.00
42;0.00;9.00;62.00
43;4.00;3.00;47.00
44;1.00;3.00;40.00
45;7.00;11.00;26.00
46;3.00;12.00;8.00
47;3.00;10.00;38.00
48;5.00;8.00;88.00
49;0.00;7.00;46.00
50;7.00;12.00;9.00
51;7.00;12.00;3.00
52;3.00;10.00;74.00
53;5.00;12.00;52.00
54;0.00;12.00;2.00
55;0.00;11.00;10.00
56;0.00;6.00;42.00
57;5.00;10.00;47.00
58;4.00;7.00;58.00
59;6.00;6.00;0.00
60;5.00;4.00;82.00
61;4.00;10.00;6.00
62;2.00;8.00;65.00
63;0.00;7.00;23.00
64;9.00;12.00;19.00
65;0.00;8.00;32.00
66;3.00;11.00;95.00
67;0.00;9.00;55.00
68;0.00;7.00;45.00
69;5.00;3.00;48.00
70;3.00;7.00;74.00
71;0.00;12.00;56.00
72;4.00;2.00;40.00
73;7.00;0.00;35.00
74;9.00;0.00;10.00
75;7.00;0.00;55.00
76;7.00;9.00;26.00
77;5.00;3.00;72.00
78;5.00;11.00;53.00
79;3.00;6.00;55.00
80;7.00;2.00;77.00
81;6.00;1.00;54.00
82;8.00;10.00;61.00
83;5.00;0.00;16.00
84;4.00;11.00;30.00
85;0.00;0.00;86.00
86;9.00;10.00;54.00
87;9.00;3.00;65.00
88;3.00;3.00;36.00
89;2.00;3.00;17.00
90;7.00;9.00;10.00
91;7.00;6.00;46.00
92;9.00;7.00;71.00
93;7.00;11.00;20.00
94;3.00;11.00;54.00
95;0.00;6.00;48.00
96;0.00;11.00;14.00
97;0.00;2.00;25.00
98;8.00;7.00;1.00
99;9.00;2.00;22.00
100;7.00;5.00;24.00
101;5.00;3.00;53.00
102;5.00;2.00;16.00
103;2.00;9.00;88.00
104;2.00;1.00;4.00
105;3.00;12.00;49.00
106;7.00;10.00;2.00
107;7.00;4.00;63.00
108;0.00;12.00;96.00
109;1.00;11.00;67.00
110;7.00;5.00;50.00
111;9.00;1.00;60.00
112;6.00;1.00;93.00
113;9.00;10.00;98.00
114;0.00;5.00;43.00
115;9.00;12.00;31.00
116;2.00;12.00;74.00
117;4.00;7.00;65.00
118;9.00;1.00;37.00
119;8.00;8.00;48.00
120;3.00;8.00;15.00
121;9.00;11.00;88.00
122;4.00;12.00;1.00
123;1.00;5.00;64.00
124;7.00;5.00;5.00
125;1.00;12.00;82.00
126;2.00;5.00;1.00
127;4.00;12.00;37.00
128;2.00;12.00;63.00
129;1.00;1.00;75.00
130;6.00;12.00;26.00
131;6.00;6.00;63.00
132;8.00;3.00;84.00
133;7.00;0.00;48.00
134;5.00;8.00;94.00
135;9.00;12.00;23.00
136;3.00;0.00;47.00
137;2.00;4.00;76.00
138;9.00;7.00;88.00
139;4.00;6.00;58.00
140;2.00;1.00;67.00
141;8.00;0.00;91.00
142;0.00;0.00;18.00
143;8.00;4.00;68.00
144;5.00;0.00;19.00
145;3.00;6.00;79.00
146;6.00;6.00;40.00
147;2.00;10.00;14.00
148;5.00;5.00;11.00
149;9.00;1.00;0.00
150;6.00;12.00;93.00
151;5.00;4.00;81.00
152;5.00;0.00;37.00
153;7.00;3.00;57.00
154;7.00;1.00;54.00
155;6.00;11.00;29.00
156;0.00;6.00;66.00
157;2.00;9.00;60.00
158;0.00;9.00;32.00
159;6.00;8.00;85.00
160;7.00;3.00;35.00
161;8.00;6.00;10.00
162;2.00;9.00;4.00
163;1.00;5.00;5.00
164;0.00;7.00;79.00
165;7.00;0.00;80.00
166;1.00;0.00;0.00
167;6.00;7.00;68.00
168;8.00;9.00;78.00
169;6.00;12.00;54.00
170;3.00;10.00;22.00
171;1.00;8.00;48.00
172;7.00;4.00;19.00
173;2.00;9.00;32.00
174;0.00;1.00;38.00
175;9.00;0.00;22.00
176;8.00;5.00;52.00
177;7.00;5.00;2.00
178;4.00;2.00;50.00
179;5.00;1.00;28.00
180;4.00;9.00;65.00
181;5.00;0.00;64.00
182;3.00;12.00;24.00
183;1.00;9.00;77.00
184;4.00;8.00;4.00
185;1.00;0.00;38.00
186;5.00;1.00;19.00
187;5.00;0.00;97.00
188;0.00;2.00;66.00
189;7.00;3.00;74.00
190;8.00;3.00;76.00
191;9.00;5.00;76.00
192;1.00;7.00;91.00
193;2.00;9.00;61.00
194;2.00;0.00;33.00
195;5.00;2.00;75.00
196;8.00;2.00;57.00
197;9.00;9.00;71.00
198;7.00;4.00;68.00
199;4.00;7.00;79.00
200;7.00;1.00;11.00
201;6.00;11.00;78.00
202;0.00;7.00;84.00
203;2.00;3.00;8.00
204;1.00;6.00;76.00
205;7.00;12.00;48.00
206;7.00;6.00;18.00
207;4.00;11.00;53.00
208;9.00;9.00;84.00
209;1.00;12.00;21.00
210;6.00;8.00;85.00
211;3.00;5.00;43.00
212;1.00;10.00;39.00
213;3.00;6.00;84.00
214;5.00;0.00;88.00
215;4.00;10.00;22.00
216;3.00;5.00;25.00
217;5.00;10.00;76.00
218;5.00;4.00;40.00
219;3.00;0.00;22.00
220;9.00;6.00;40.00
221;6.00;12.00;0.00
222;3.00;9.00;78.00
223;5.00;1.00;57.00
224;9.00;1.00;71.00
225;7.00;2.00;32.00
226;8.00;0.00;45.00
227;4.00;10.00;35.00
228;2.00;6.00;50.00
229;7.00;5.00;95.00
230;2.00;5.00;37.00
231;7.00;6.00;15.00
232;7.00;11.00;53.00
233;3.00;6.00;83.00
234;5.00;12.00;89.00
235;9.00;6.00;95.00
236;7.00;0.00;70.00
237;8.00;4.00;98.00
238;3.00;12.00;91.00
239;0.00;6.00;53.00
240;5.00;2.00;89.00
241;5.00;3.00;90.00
242;4.00;10.00;42.00
243;0.00;11.00;0.00
244;7.00;1.00;83.00
245;8.00;1.00;3.00
246;4.00;11.00;59.00
247;6.00;10.00;20.00
248;5.00;6.00;48.00
249;7.00;11.00;26.00
250;5.00;10.00;34.00
251;6.00;5.00;45.00
252;4.00;12.00;25.00
253;5.00;8.00;59.00
254;3.00;12.00;82.00
255;7.00;2.00;56.00
256;3.00;10.00;35.00
257;7.00;4.00;8.00
258;9.00;11.00;85.00
259;0.00;6.00;14.00
260;0.00;1.00;79.00
261;2.00;2.00;71.00
262;4.00;7.00;63.00
263;6.00;8.00;75.00
264;3.00;2.00;11.00
265;8.00;1.00;72.00
266;1.00;2.00;23.00
267;9.00;9.00;10.00
268;2.00;1.00;45.00
269;2.00;2.00;33.00
270;7.00;11.00;78.00
271;1.00;8.00;13.00
272;7.00;10.00;13.00
273;0.00;6.00;69.00
274;7.00;12.00;49.00
275;5.00;1.00;29.00
276;8.00;6.00;52.00
277;1.00;12.00;70.00
278;5.00;3.00;90.00
279;4.00;0.00;17.00
280;8.00;11.00;16.00
281;4.00;3.00;16.00
282;7.00;4.00;94.00
283;6.00;9.00;90.00
284;9.00;4.00;82.00
285;6.00;0.00;23.00
286;9.00;3.00;64.00
287;9.00;7.00;2.00
288;3.00;11.00;11.00
289;9.00;9.00;69.00
290;6.00;8.00;33.00
291;4.00;12.00;89.00
292;5.00;8.00;2.00
293;7.00;6.00;22.00
294;3.00;11.00;80.00
295;5.00;7.00;17.00
296;9.00;3.00;26.00
297;9.00;3.00;36.00
298;3.00;7.00;48.00
299;8.00;10.00;13.00
300;2.00;1.00;19.00
301;0.00;4.00;48.00
302;3.00;0.00;17.00
303;1.00;0.00;98.00
304;6.00;3.00;7.00
305;5.00;3.00;24.00
306;7.00;6.00;18.00
307;7.00;3.00;38.00
308;4.00;5.00;41.00
309;7.00;7.00;32.00
310;5.00;6.00;25.00
311;5.00;4.00;71.00
312;6.00;5.00;40.00
313;8.00;8.00;9.00
314;5.00;8.00;77.00
315;0.00;4.00;68.00
316;8.00;12.00;96.00
317;1.00;10.00;66.00
318;8.00;9.00;31.00
319;2.00;0.00;81.00
320;2.00;10.00;1.00
321;9.00;8.00;11.00
322;4.00;0.00;58.00
323;6.00;11.00;78.00
324;4.00;11.00;29.00
325;5.00;3.00;67.00
326;7.00;12.00;55.00
327;2.00;3.00;4.00
328;1.00;8.00;78.00
329;8.00;10.00;67.00
330;3.00;3.00;1.00
331;6.00;0.00;87.00
332;9.00;6.00;16.00
333;9.00;8.00;53.00
334;3.00;10.00;53.00
335;2.00;1.00;59.00
336;6.00;8.00;57.00
337;3.00;3.00;84.00
338;7.00;0.00;42.00
339;0.00;9.00;86.00
340;1.00;11.00;97.00
341;5.00;7.00;18.00
342;0.00;4.00;15.00
343;3.00;1.00;94.00
344;5.00;4.00;92.00
345;2.00;10.00;1.00
346;3.00;6.00;90.00
347;0.00;0.00;67.00
348;2.00;2.00;82.00
349;5.00;4.00;92.00
350;2.00;1.00;11.00
351;2.00;9.00;16.00
352;5.00;4.00;84.00
353;6.00;2.00;73.00
354;7.00;5.00;66.00
355;2.00;7.00;81.00
356;4.00;0.00;86.00
357;7.00;12.00;98.00
358;8.00;3.00;53.00
359;0.00;8.00;20.00
360;1.00;2.00;30.00
361;9.00;11.00;3.00
362;7.00;11.00;55.00
363;0.00;2.00;53.00
364;4.00;10.00;39.00
365;9.00;7.00;4.00
366;4.00;3.00;35.00
367;6.00;2.00;65.00
368;7.00;8.00;34.00
369;0.00;3.00;2.00
370;9.00;0.00;70.00
371;5.00;3.00;47.00
372;1.00;0.00;13.00
373;3.00;10.00;30.00
374;0.00;3.00;79.00
375;1.00;8.00;67.00
376;3.00;0.00;57.00
377;0.00;7.00;16.00
378;6.00;11.00;47.00
379;1.00;3.00;43.00
380;2.00;6.00;47.00
381;6.00;7.00;64.00
382;7.00;8.00;9.00
383;5.00;8.00;2.00
384;1.00;11.00;90.00
385;7.00;3.00;23.00
386;6.00;2.00;51.00
387;0.00;9.00;31.00
388;6.00;3.00;25.00
389;7.00;5.00;38.00
390;9.00;3.00;99.00
391;1.00;8.00;54.00
392;0.00;3.00;32.00
393;3.00;0.00;19.00
394;0.00;6.00;42.00
395;2.00;7.00;54.00
396;4.00;1.00;97.00
397;7.00;1.00;36.00
398;5.00;7.00;8.00
399;7.00;7.00;61.00
400;0.00;3.00;0.00
401;0.00;12.00;35.00
402;5.00;3.00;30.00
403;1.00;3.00;23.00
404;2.00;6.00;83.00
405;8.00;11.00;18.00
406;5.00;6.00;66.00
407;8.00;5.00;31.00
408;5.00;5.00;58.00
409;4.00;10.00;92.00
410;9.00;5.00;62.00
411;9.00;6.00;7.00
412;8.00;0.00;78.00
413;9.00;8.00;46.00
414;1.00;6.00;80.00
415;8.00;0.00;70.00
416;0.00;4.00;85.00
417;9.00;11.00;87.00
418;6.00;3.00;31.00
419;6.00;6.00;60.00
420;1.00;8.00;93.00
421;9.00;5.00;92.00
422;1.00;11.00;27.00
423;9.00;1.00;81.00
424;2.00;6.00;77.00
425;8.00;10.00;71.00
426;0.00;10.00;40.00
427;7.00;10.00;8.00
428;9.00;12.00;68.00
429;6.00;4.00;87.00
430;3.00;10.00;37.00
431;2.00;6.00;12.00
432;8.00;9.00;34.00
433;8.00;1.00;38.00
434;5.00;2.00;93.00
435;8.00;9.00;1.00
436;1.00;9.00;6.00
437;8.00;5.00;80.00
438;3.00;1.00;36.00
439;4.00;1.00;78.00
440;0.00;12.00;90.00
441;6.00;8.00;3.00
442;1.00;7.00;69.00
443;4.00;5.00;3.00
444;4.00;1.00;60.00
445;0.00;7.00;89.00
446;1.00;1.00;63.00
447;7.00;12.00;5.00
448;0.00;1.00;90.00
449;2.00;1.00;75.00
450;1.00;9.00;10.00
451;1.00;3.00;1.00
452;0.00;0.00;61.00
453;1.00;5.00;47.00
454;1.00;10.00;11.00
455;2.00;6.00;42.00
456;6.00;12.00;64.00
457;1.00;3.00;5.00
458;4.00;5.00;51.00
459;7.00;2.00;91.00
460;4.00;12.00;19.00
461;7.00;2.00;77.00
462;0.00;11.00;14.00
463;1.00;3.00;72.00
464;9.00;5.00;50.00
465;6.00;5.00;22.00
466;4.00;12.00;31.00
467;0.00;3.00;4.00
468;8.00;1.00;2.00
469;0.00;12.00;76.00
470;6.00;1.00;50.00
471;7.00;5.00;97.00
472;3.00;7.00;94.00
473;9.00;7.00;25.00
474;0.00;10.00;10.00
475;6.00;6.00;11.00
476;7.00;10.00;9.00
477;2.00;2.00;46.00
478;5.00;3.00;58.00
479;8.00;12.00;70.00
480;8.00;0.00;42.00
481;4.00;4.00;51.00
482;7.00;10.00;75.00
483;8.00;6.00;16.00
484;4.00;5.00;67.00
485;6.00;4.00;0.00
486;4.00;9.00;40.00
487;7.00;6.00;50.00
488;3.00;11.00;43.00
489;2.00;2.00;34.00
490;3.00;1.00;32.00
491;2.00;10.00;11.00
492;7.00;8.00;96.00
493;6.00;7.00;90.00
494;7.00;5.00;86.00
495;1.00;1.00;69.00
496;8.00;10.00;78.00
497;0.00;5.00;89.00
498;3.00;10.00;28.00
499;6.00;7.00;30.00
500;9.00;4.00;1.00
501;1.00;5.00;46.00
502;4.00;8.00;13.00
503;3.00;9.00;33.00
504;0.00;9.00;30.00
505;2.00;9.00;10.00
506;4.00;0.00;3.00
507;8.00;2.00;4.00
508;6.00;0.00;38.00
509;6.00;9.00;54.00
510;9.00;12.00;26.00
511;1.00;8.00;23.00
512;1.00;2.00;53.00
513;4.00;5.00;47.00
514;5.00;1.00;87.00
515;4.00;2.00;80.00
516;1.00;12.00;46.00
517;1.00;9.00;3.00
518;3.00;9.00;64.00
519;1.00;12.00;98.00
520;3.00;6.00;29.00
521;9.00;0.00;49.00
522;2.00;2.00;29.00
523;7.00;10.00;39.00
524;3.00;9.00;14.00
525;6.00;6.00;95.00
526;9.00;7.00;7.00
527;1.00;6.00;16.00
528;5.00;4.00;24.00
529;8.00;5.00;65.00
530;6.00;11.00;17.00
531;6.00;12.00;66.00
532;6.00;12.00;95.00
533;7.00;3.00;29.00
534;1.00;8.00;62.00
535;3.00;3.00;70.00
536;2.00;3.00;6.00
537;1.00;0.00;81.00
538;1.00;4.00;18.00
539;3.00;8.00;72.00
540;1.00;10.00;66.00
541;4.00;3.00;60.00
542;2.00;1.00;29.00
543;3.00;7.00;87.00
544;3.00;8.00;74.00
545;3.00;3.00;21.00
546;9.00;7.00;86.00
547;6.00;0.00;1.00
548;8.00;12.00;0.00
549;2.00;4.00;22.00
550;1.00;5.00;72.00
551;8.00;2.00;77.00
552;9.00;8.00;47.00
553;4.00;6.00;6.00
554;3.00;11.00;67.00
555;7.00;2.00;15.00
556;7.00;12.00;77.00
557;9.00;4.00;51.00
558;6.00;2.00;72.00
559;1.00;8.00;49.00
560;4.00;1.00;15.00
561;2.00;12.00;2.00
562;2.00;0.00;66.00
563;9.00;10.00;71.00
564;0.00;9.00;16.00
565;6.00;2.00;6.00
566;7.00;2.00;41.00
567;4.00;9.00;95.00
568;7.00;5.00;22.00
569;0.00;5.00;13.00
570;3.00;0.00;42.00
571;7.00;8.00;62.00
572;5.00;4.00;56.00
573;0.00;4.00;11.00
574;1.00;12.00;57.00
575;9.00;3.00;70.00
576;0.00;6.00;86.00
577;6.00;5.00;63.00
578;5.00;3.00;97.00
579;9.00;3.00;4.00
580;0.00;6.00;20.00
581;1.00;6.00;25.00
582;2.00;3.00;0.00
583;9.00;2.00;95.00
584;0.00;4.00;8.00
585;8.00;4.00;11.00
586;9.00;8.00;35.00
587;0.00;4.00;70.00
588;0.00;11.00;0.00
589;9.00;8.00;94.00
590;4.00;1.00;7.00
591;7.00;3.00;22.00
592;7.00;9.00;54.00
593;7.00;12.00;14.00
594;1.00;9.00;55.00
595;4.00;6.00;45.00
596;6.00;7.00;75.00
597;8.00;7.00;25.00
598;8.00;9.00;47.00
599;5.00;3.00;66.00
600;5.00;5.00;24.00
601;8.00;2.00;26.00
602;0.00;3.00;44.00
603;1.00;12.00;87.00
604;3.00;11.00;22.00
605;0.00;12.00;36.00
606;0.00;4.00;34.00
607;6.00;1.00;43.00
608;5.00;7.00;51.00
609;5.00;4.00;32.00
610;4.00;3.00;49.00
611;2.00;7.00;97.00
612;5.00;12.00;91.00
613;9.00;10.00;18.00
614;7.00;1.00;83.00
615;8.00;0.00;73.00
616;6.00;8.00;79.00
617;1.00;12.00;44.00
618;8.00;5.00;21.00
619;3.00;4.00;70.00
620;9.00;3.00;64.00
621;3.00;1.00;97.00
622;2.00;7.00;87.00
623;2.00;12.00;51.00
624;5.00;8.00;81.00
625;8.00;9.00;89.00
626;0.00;9.00;22.00
627;1.00;6.00;17.00
628;5.00;10.00;95.00
629;9.00;4.00;16.00
630;6.00;2.00;24.00
631;3.00;10.00;26.00
632;8.00;0.00;4.00
633;7.00;3.00;45.00
634;1.00;0.00;35.00
635;1.00;11.00;77.00
636;3.00;0.00;13.00
637;6.00;10.00;70.00
638;2.00;12.00;66.00
639;6.00;6.00;39.00
640;2.00;8.00;71.00
641;8.00;10.00;81.00
642;1.00;3.00;43.00
643;4.00;0.00;16.00
644;7.00;2.00;71.00
645;4.00;11.00;6.00
646;3.00;7.00;75.00
647;2.00;11.00;20.00
648;1.00;7.00;13.00
649;6.00;4.00;78.00
650;5.00;5.00;56.00
651;8.00;10.00;16.00
652;9.00;11.00;48.00
653;5.00;5.00;20.00
654;1.00;6.00;62.00
655;0.00;8.00;99.00
656;2.00;6.00;64.00
657;9.00;7.00;9.00
658;1.00;7.00;92.00
659;0.00;7.00;1.00
660;2.00;5.00;65.00
661;9.00;8.00;13.00
662;1.00;8.00;71.00
663;3.00;9.00;83.00
664;4.00;9.00;56.00
665;8.00;5.00;49.00
666;2.00;11.00;76.00
667;3.00;6.00;10.00
668;0.00;0.00;98.00
669;9.00;8.00;18.00
670;8.00;11.00;89.00
671;0.00;8.00;67.00
672;3.00;9.00;29.00
673;9.00;3.00;55.00
674;0.00;10.00;62.00
675;6.00;0.00;6.00
676;6.00;2.00;81.00
677;5.00;12.00;7.00
678;6.00;5.00;22.00
679;5.00;7.00;8.00
680;8.00;10.00;53.00
681;1.00;5.00;26.00
682;5.00;8.00;29.00
683;7.00;3.00;97.00
684;0.00;0.00;40.00
685;2.00;11.00;11.00
686;8.00;1.00;6.00
687;7.00;2.00;51.00
688;5.00;6.00;54.00
689;7.00;5.00;67.00
690;1.00;4.00;81.00
691;5.00;1.00;85.00
692;5.00;7.00;28.00
693;4.00;12.00;54.00
694;5.00;9.00;52.00
695;4.00;12.00;10.00
696;2.00;10.00;55.00
697;0.00;11.00;30.00
698;6.00;5.00;6.00
699;3.00;11.00;80.00
700;6.00;8.00;65.00
701;0.00;2.00;97.00
702;1.00;7.00;82.00
703;2.00;4.00;49.00
704;3.00;5.00;39.00
705;6.00;1.00;93.00
706;8.00;4.00;8.00
707;7.00;8.00;41.00
708;9.00;3.00;31.00
709;9.00;6.00;75.00
710;0.00;5.00;49.00
711;9.00;2.00;15.00
712;8.00;2.00;82.00
713;7.00;9.00;10.00
714;4.00;8.00;44.00
715;8.00;12.00;34.00
716;6.00;11.00;42.00
717;5.00;2.00;48.00
718;8.00;0.00;78.00
719;2.00;9.00;27.00
720;9.00;1.00;86.00
721;6.00;8.00;68.00
722;1.00;11.00;7.00
723;1.00;11.00;4.00
724;6.00;5.00;69.00
725;4.00;9.00;6.00
726;1.00;7.00;55.00
727;4.00;12.00;36.00
728;2.00;4.00;87.00
729;8.00;10.00;96.00
730;6.00;5.00;55.00
731;8.00;7.00;71.00
732;6.00;5.00;32.00
733;5.00;4.00;24.00
734;3.00;5.00;36.00
735;7.00;10.00;26.00
736;8.00;6.00;0.00
737;9.00;9.00;61.00
738;1.00;7.00;8.00
739;8.00;11.00;54.00
740;8.00;1.00;77.00
741;8.00;12.00;5.00
742;3.00;7.00;58.00
743;6.00;11.00;44.00
744;6.00;8.00;35.00
745;4.00;7.00;34.00
746;4.00;10.00;62.00
747;1.00;7.00;84.00
748;8.00;2.00;7.00
749;3.00;3.00;88.00
750;2.00;6.00;48.00
751;5.00;0.00;75.00
752;9.00;4.00;97.00
753;7.00;4.00;49.00
754;0.00;11.00;96.00
755;6.00;9.00;40.00
756;2.00;7.00;80.00
757;8.00;2.00;19.00
758;2.00;4.00;41.00
759;6.00;1.00;75.00
760;5.00;11.00;90.00
761;7.00;11.00;79.00
762;4.00;10.00;33.00
763;7.00;7.00;7.00
764;4.00;1.00;51.00
765;1.00;5.00;13.00
766;1.00;8.00;25.00
767;8.00;8.00;3.00
768;3.00;0.00;15.00
769;3.00;3.00;72.00
770;2.00;0.00;76.00
771;5.00;8.00;43.00
772;1.00;0.00;17.00
773;3.00;11.00;47.00
774;5.00;5.00;36.00
775;2.00;4.00;48.00
776;1.00;11.00;61.00
777;7.00;9.00;65.00
778;8.00;3.00;95.00
779;3.00;6.00;76.00
780;5.00;2.00;87.00
781;0.00;5.00;27.00
782;0.00;3.00;74.00
783;3.00;2.00;6.00
784;3.00;12.00;43.00
785;8.00;6.00;43.00
786;2.00;5.00;77.00
787;0.00;3.00;64.00
788;0.00;11.00;20.00
789;4.00;10.00;4.00
790;7.00;5.00;62.00
791;8.00;7.00;50.00
792;5.00;8.00;37.00
793;1.00;3.00;72.00
794;1.00;2.00;85.00
795;4.00;10.00;89.00
796;0.00;2.00;94.00
797;0.00;7.00;47.00
798;4.00;9.00;20.00
799;6.00;2.00;89.00
800;3.00;11.00;78.00
801;2.00;11.00;52.00
802;3.00;2.00;32.00
803;1.00;8.00;48.00
804;6.00;7.00;20.00
805;7.00;10.00;88.00
806;6.00;10.00;67.00
807;1.00;0.00;26.00
808;0.00;2.00;55.00
809;1.00;11.00;39.00
810;3.00;8.00;69.00
811;8.00;11.00;60.00
812;9.00;1.00;2.00
813;3.00;7.00;4.00
814;5.00;8.00;65.00
815;4.00;11.00;75.00
816;8.00;12.00;20.00
817;5.00;3.00;23.00
818;9.00;11.00;97.00
819;4.00;8.00;69.00
820;1.00;2.00;11.00
821;7.00;3.00;95.00
822;2.00;2.00;29.00
823;9.00;6.00;83.00
824;6.00;5.00;22.00
825;5.00;6.00;43.00
826;3.00;8.00;20.00
827;5.00;7.00;80.00
828;9.00;3.00;32.00
829;0.00;6.00;75.00
830;7.00;4.00;21.00
831;5.00;11.00;31.00
832;0.00;1.00;75.00
833;5.00;11.00;6.00
834;4.00;9.00;84.00
835;4.00;0.00;56.00
836;7.00;4.00;33.00
837;8.00;11.00;70.00
838;3.00;3.00;29.00
839;3.00;3.00;77.00
840;8.00;3.00;49.00
841;3.00;2.00;43.00
842;2.00;8.00;42.00
843;1.00;1.00;91.00
844;4.00;2.00;32.00
845;2.00;11.00;88.00
846;3.00;4.00;41.00
847;3.00;9.00;59.00
848;8.00;6.00;1.00
849;1.00;2.00;83.00
850;5.00;9.00;8.00
851;3.00;1.00;63.00
852;3.00;10.00;10.00
853;9.00;8.00;43.00
854;0.00;0.00;43.00
855;5.00;0.00;72.00
856;7.00;2.00;4.00
857;9.00;9.00;29.00
858;1.00;1.00;70.00
859;5.00;5.00;21.00
860;3.00;8.00;5.00
861;6.00;11.00;24.00
862;2.00;11.00;98.00
863;0.00;1.00;20.00
864;5.00;8.00;79.00
865;5.00;6.00;34.00
866;2.00;9.00;72.00
867;8.00;1.00;48.00
868;6.00;0.00;85.00
869;2.00;2.00;17.00
870;7.00;1.00;42.00
871;6.00;11.00;20.00
872;1.00;1.00;25.00
873;0.00;12.00;31.00
874;0.00;9.00;72.00
875;6.00;0.00;78.00
876;7.00;10.00;96.00
877;2.00;7.00;67.00
878;7.00;8.00;62.00
879;6.00;4.00;21.00
880;7.00;12.00;81.00
881;9.00;11.00;66.00
882;7.00;7.00;34.00
883;3.00;11.00;45.00
884;2.00;1.00;55.00
885;7.00;8.00;98.00
886;6.00;9.00;79.00
887;3.00;4.00;45.00
888;6.00;1.00;79.00
889;5.00;0.00;29.00
890;0.00;7.00;93.00
891;4.00;2.00;55.00
892;4.00;10.00;68.00
893;7.00;1.00;63.00
894;7.00;7.00;92.00
895;5.00;2.00;23.00
896;7.00;12.00;55.00
897;4.00;0.00;96.00
898;2.00;6.00;28.00
899;9.00;4.00;55.00
900;3.00;12.00;80.00
901;2.00;4.00;72.00
902;1.00;8.00;39.00
903;6.00;9.00;72.00
904;3.00;7.00;97.00
905;5.00;2.00;1.00
906;0.00;5.00;41.00
907;0.00;0.00;65.00
908;5.00;3.00;57.00
909;2.00;10.00;36.00
910;2.00;5.00;66.00
911;7.00;4.00;22.00
912;3.00;9.00;9.00
913;0.00;3.00;94.00
914;9.00;6.00;80.00
915;7.00;5.00;76.00
916;3.00;11.00;47.00
917;0.00;12.00;94.00
918;9.00;8.00;59.00
919;2.00;4.00;23.00
920;7.00;6.00;17.00
921;1.00;10.00;8.00
922;3.00;8.00;23.00
923;0.00;7.00;60.00
924;9.00;9.00;11.00
925;9.00;10.00;91.00
926;3.00;12.00;95.00
927;5.00;3.00;25.00
928;3.00;9.00;52.00
929;9.00;2.00;17.00
930;6.00;8.00;31.00
931;5.00;10.00;61.00
932;4.00;12.00;42.00
933;7.00;11.00;63.00
934;1.00;11.00;93.00
935;1.00;7.00;50.00
936;9.00;9.00;14.00
937;6.00;7.00;99.00
938;2.00;9.00;68.00
939;4.00;10.00;86.00
940;6.00;4.00;13.00
941;8.00;3.00;8.00
942;3.00;0.00;3.00
943;9.00;0.00;47.00
944;3.00;2.00;95.00
945;3.00;8.00;25.00
946;5.00;5.00;50.00
947;2.00;11.00;48.00
948;4.00;2.00;23.00
949;2.00;0.00;88.00
950;3.00;3.00;99.00
951;5.00;9.00;69.00
952;8.00;5.00;94.00
953;2.00;12.00;75.00
954;1.00;12.00;76.00
955;7.00;4.00;38.00
956;7.00;4.00;7.00
957;9.00;6.00;7.00
958;9.00;2.00;85.00
959;4.00;10.00;85.00
960;3.00;11.00;13.00
961;8.00;11.00;96.00
962;3.00;0.00;66.00
963;0.00;3.00;2.00
964;8.00;0.00;6.00
965;5.00;5.00;34.00
966;1.00;4.00;73.00
967;0.00;0.00;23.00
968;9.00;12.00;24.00
969;9.00;1.00;60.00
970;7.00;6.00;60.00
971;7.00;5.00;8.00
972;5.00;5.00;7.00
973;6.00;9.00;16.00
974;5.00;0.00;82.00
975;1.00;12.00;43.00
976;8.00;10.00;57.00
977;5.00;4.00;94.00
978;3.00;1.00;74.00
979;3.00;0.00;50.00
980;9.00;9.00;71.00
981;0.00;10.00;9.00
982;1.00;7.00;62.00
983;6.00;12.00;78.00
984;8.00;3.00;92.00
985;8.00;9.00;76.00
986;8.00;12.00;76.00
987;7.00;10.00;49.00
988;9.00;1.00;39.00
989;1.00;4.00;66.00
990;9.00;0.00;93.00
991;7.00;4.00;97.00
992;9.00;9.00;74.00
993;5.00;6.00;48.00
994;1.00;11.00;95.00
995;0.00;9.00;19.00
996;0.00;11.00;37.00
997;7.00;8.00;49.00
998;4.00;8.00;23.00
999;4.00;7.00;47.00
1000;4.00;10.00;24.00
1001;6.00;3.00;78.00
1002;7.00;10.00;85.00
1003;4.00;2.00;42.00
1004;6.00;6.00;88.00
1005;0.00;5.00;79.00
1006;4.00;4.00;94.00
1007;2.00;10.00;80.00
1008;6.00;1.00;9.00
1009;0.00;3.00;59.00
1010;6.00;3.00;19.00
1011;4.00;1.00;37.00
1012;3.00;0.00;83.00
1013;1.00;8.00;19.00
1014;5.00;5.00;69.00
1015;9.00;2.00;95.00
1016;5.00;7.00;76.00
1017;2.00;2.00;63.00
1018;4.00;8.00;75.00
1019;8.00;9.00;59.00
1020;3.00;6.00;97.00
1021;6.00;3.00;55.00
1022;5.00;0.00;55.00
1023;1.00;1.00;34.00
1024;8.00;10.00;45.00
1025;6.00;10.00;96.00
1026;4.00;10.00;42.00
1027;6.00;5.00;12.00
1028;4.00;3.00;77.00
1029;7.00;3.00;4.00
1030;1.00;4.00;22.00
1031;8.00;2.00;23.00
1032;9.00;6.00;45.00
1033;5.00;10.00;51.00
1034;3.00;5.00;46.00
1035;9.00;9.00;38.00
1036;2.00;9.00;62.00
1037;9.00;8.00;50.00
1038;9.00;3.00;67.00
1039;5.00;2.00;47.00
1040;3.00;9.00;34.00
1041;1.00;5.00;26.00
1042;4.00;0.00;59.00
1043;2.00;6.00;15.00
1044;5.00;2.00;97.00
1045;3.00;11.00;2.00
1046;6.00;7.00;91.00
1047;1.00;2.00;71.00
1048;9.00;9.00;34.00
1049;2.00;5.00;72.00
1050;6.00;9.00;31.00
1051;7.00;1.00;33.00
1052;9.00;7.00;45.00
1053;0.00;4.00;75.00
1054;5.00;4.00;15.00
1055;6.00;12.00;95.00
1056;5.00;3.00;63.00
1057;0.00;6.00;47.00
1058;8.00;5.00;47.00
1059;9.00;11.00;64.00
1060;1.00;2.00;56.00
1061;1.00;3.00;80.00
1062;8.00;9.00;91.00
1063;5.00;9.00;46.00
1064;4.00;10.00;33.00
1065;5.00;7.00;84.00
1066;7.00;2.00;35.00
1067;1.00;7.00;17.00
1068;1.00;1.00;58.00
1069;0.00;10.00;23.00
1070;1.00;5.00;75.00
1071;3.00;5.00;0.00
1072;0.00;10.00;96.00
1073;8.00;6.00;45.00
1074;9.00;5.00;99.00
1075;3.00;11.00;31.00
1076;6.00;0.00;12.00
1077;0.00;0.00;32.00
1078;9.00;11.00;59.00
1079;7.00;5.00;59.00
1080;0.00;12.00;43.00
1081;3.00;10.00;87.00
1082;6.00;0.00;88.00
1083;0.00;3.00;68.00
1084;5.00;3.00;11.00
1085;4.00;3.00;93.00
1086;4.00;2.00;56.00
1087;5.00;8.00;1.00
1088;0.00;4.00;51.00
1089;2.00;6.00;5.00
1090;7.00;6.00;75.00
1091;5.00;5.00;24.00
1092;1.00;5.00;55.00
1093;5.00;12.00;18.00
1094;2.00;6.00;41.00
1095;0.00;5.00;83.00
1096;7.00;3.00;99.00
1097;5.00;3.00;94.00
1098;0.00;3.00;4.00
1099;8.00;0.00;50.00
1100;3.00;12.00;20.00
1101;2.00;6.00;24.00
1102;9.00;9.00;87.00
1103;0.00;6.00;55.00
1104;2.00;7.00;39.00
1105;4.00;9.00;16.00
1106;4.00;9.00;29.00
1107;7.00;11.00;37.00
1108;4.00;4.00;58.00
1109;1.00;2.00;77.00
1110;1.00;4.00;12.00
1111;3.00;5.00;22.00
1112;3.00;3.00;91.00
1113;2.00;8.00;29.00
1114;3.00;6.00;86.00
1115;7.00;9.00;32.00
1116;8.00;4.00;8.00
1117;9.00;4.00;39.00
1118;8.00;7.00;67.00
1119;0.00;11.00;20.00
1120;3.00;6.00;77.00
1121;5.00;7.00;68.00
1122;9.00;11.00;92.00
1123;9.00;7.00;51.00
1124;8.00;6.00;84.00
1125;1.00;12.00;12.00
1126;5.00;6.00;13.00
1127;9.00;4.00;60.00
1128;2.00;2.00;99.00
1129;8.00;12.00;13.00
1130;3.00;5.00;64.00
1131;8.00;4.00;67.00
1132;2.00;7.00;93.00
1133;5.00;9.00;91.00
1134;1.00;8.00;1.00
1135;0.00;12.00;47.00
1136;4.00;8.00;47.00
1137;0.00;2.00;86.00
1138;1.00;10.00;38.00
1139;6.00;1.00;82.00
1140;8.00;4.00;62.00
1141;3.00;9.00;19.00
1142;1.00;1.00;69.00
1143;3.00;12.00;61.00
1144;8.00;3.00;33.00
1145;6.00;10.00;48.00
1146;0.00;6.00;75.00
1147;7.00;2.00;79.00
1148;8.00;4.00;28.00
1149;3.00;0.00;43.00
1150;3.00;11.00;79.00
1151;3.00;9.00;80.00
1152;1.00;4.00;50.00
1153;6.00;9.00;1.00
1154;2.00;7.00;21.00
1155;2.00;0.00;23.00
1156;6.00;1.00;93.00
1157;2.00;5.00;77.00
1158;7.00;1.00;34.00
1159;4.00;2.00;88.00
1160;6.00;6.00;88.00
1161;8.00;7.00;30.00
1162;1.00;8.00;45.00
1163;6.00;0.00;98.00
1164;1.00;7.00;90.00
1165;0.00;0.00;52.00
1166;2.00;1.00;85.00
1167;3.00;0.00;63.00
1168;7.00;6.00;51.00
1169;3.00;2.00;4.00
1170;3.00;11.00;80.00
1171;6.00;7.00;74.00
1172;9.00;6.00;54.00
1173;8.00;5.00;65.00
1174;5.00;2.00;64.00
1175;6.00;0.00;94.00
1176;8.00;2.00;48.00
1177;0.00;7.00;7.00
1178;6.00;10.00;73.00
1179;3.00;11.00;27.00
1180;5.00;2.00;52.00
1181;1.00;12.00;77.00
1182;9.00;12.00;75.00
1183;7.00;7.00;24.00
1184;1.00;4.00;54.00
1185;0.00;4.00;87.00
1186;0.00;6.00;56.00
1187;3.00;2.00;93.00
1188;6.00;11.00;40.00
1189;5.00;6.00;64.00
1190;7.00;8.00;42.00
1191;0.00;8.00;48.00
1192;6.00;6.00;21.00
1193;5.00;1.00;61.00
1194;2.00;2.00;55.00
1195;3.00;11.00;21.00
1196;8.00;3.00;4.00
1197;3.00;10.00;60.00
1198;5.00;3.00;36.00
1199;9.00;3.00;1.00
1200;0.00;4.00;51.00
1201;3.00;10.00;40.00
1202;5.00;0.00;1.00
1203;7.00;4.00;45.00
1204;2.00;2.00;96.00
1205;4.00;5.00;61.00
1206;3.00;2.00;36.00
1207;9.00;4.00;40.00
1208;9.00;11.00;81.00
1209;8.00;4.00;58.00
1210;1.00;4.00;98.00
1211;4.00;12.00;54.00
1212;3.00;11.00;91.00
1213;5.00;10.00;59.00
1214;2.00;6.00;45.00
1215;2.00;7.00;14.00
1216;4.00;3.00;65.00
1217;2.00;10.00;43.00
1218;9.00;11.00;53.00
1219;3.00;5.00;71.00
1220;8.00;6.00;4.00
1221;6.00;10.00;66.00
1222;6.00;0.00;84.00
1223;3.00;0.00;14.00
1224;3.00;11.00;65.00
1225;5.00;8.00;76.00
1226;4.00;7.00;99.00
1227;9.00;10.00;13.00
1228;9.00;1.00;16.00
1229;3.00;2.00;72.00
1230;8.00;4.00;60.00
1231;7.00;0.00;72.00
1232;9.00;11.00;38.00
1233;3.00;9.00;57.00
1234;4.00;9.00;59.00
1235;6.00;1.00;44.00
1236;4.00;5.00;8.00
1237;7.00;3.00;19.00
1238;2.00;2.00;95.00
1239;5.00;10.00;24.00
1240;1.00;9.00;2.00
1241;7.00;7.00;22.00
1242;8.00;7.00;57.00
1243;7.00;6.00;62.00
1244;1.00;8.00;23.00
1245;1.00;6.00;18.00
1246;7.00;3.00;89.00
1247;9.00;5.00;58.00
1248;9.00;5.00;80.00
1249;0.00;1.00;62.00
1250;1.00;6.00;14.00
1251;8.00;6.00;59.00
1252;8.00;0.00;61.00
1253;7.00;6.00;14.00
1254;0.00;0.00;53.00
1255;0.00;1.00;71.00
1256;6.00;10.00;60.00
1257;1.00;10.00;54.00
1258;7.00;3.00;3.00
1259;2.00;12.00;1.00
1260;0.00;0.00;33.00
1261;6.00;6.00;90.00
1262;4.00;3.00;5.00
1263;4.00;5.00;59.00
1264;1.00;4.00;44.00
1265;7.00;10.00;97.00
1266;1.00;3.00;51.00
1267;9.00;3.00;9.00
1268;5.00;5.00;9.00
1269;6.00;9.00;87.00
1270;6.00;6.00;2.00
1271;1.00;0.00;72.00
1272;9.00;10.00;93.00
1273;6.00;3.00;58.00
1274;5.00;6.00;27.00
1275;6.00;12.00;49.00
1276;2.00;2.00;14.00
1277;3.00;11.00;74.00
1278;5.00;3.00;6.00
1279;7.00;2.00;50.00
1280;5.00;10.00;77.00
1281;9.00;5.00;13.00
1282;3.00;6.00;45.00
1283;4.00;0.00;84.00
1284;2.00;7.00;67.00
1285;5.00;6.00;82.00
1286;2.00;4.00;98.00
1287;6.00;1.00;86.00
1288;9.00;7.00;28.00
1289;6.00;5.00;96.00
1290;4.00;10.00;92.00
1291;0.00;3.00;63.00
1292;1.00;3.00;96.00
1293;9.00;5.00;17.00
1294;6.00;6.00;76.00
1295;4.00;7.00;97.00
1296;7.00;4.00;90.00
1297;2.00;4.00;66.00
1298;4.00;8.00;62.00
1299;7.00;10.00;57.00
1300;3.00;8.00;61.00
1301;3.00;1.00;55.00
1302;6.00;6.00;78.00
1303;9.00;10.00;44.00
1304;8.00;6.00;41.00
1305;1.00;7.00;96.00
1306;4.00;8.00;11.00
1307;4.00;1.00;98.00
1308;7.00;12.00;51.00
1309;1.00;10.00;22.00
1310;7.00;1.00;84.00
1311;7.00;5.00;98.00
1312;8.00;6.00;13.00
1313;7.00;7.00;84.00
1314;4.00;11.00;78.00
1315;3.00;12.00;40.00
1316;5.00;7.00;66.00
1317;9.00;7.00;45.00
1318;2.00;10.00;22.00
1319;5.00;4.00;56.00
1320;1.00;1.00;2.00
1321;0.00;1.00;48.00
1322;3.00;2.00;48.00
1323;4.00;0.00;18.00
1324;8.00;10.00;16.00
1325;6.00;6.00;91.00
1326;9.00;12.00;38.00
1327;1.00;5.00;90.00
1328;0.00;9.00;70.00
1329;6.00;0.00;58.00
1330;9.00;8.00;84.00
1331;6.00;2.00;93.00
1332;9.00;8.00;5.00
1333;9.00;1.00;24.00
1334;1.00;12.00;19.00
1335;0.00;3.00;20.00
1336;6.00;2.00;92.00
1337;1.00;6.00;56.00
1338;4.00;4.00;16.00
1339;8.00;7.00;70.00
1340;6.00;12.00;88.00
1341;0.00;10.00;77.00
1342;3.00;8.00;91.00
1343;2.00;12.00;98.00
1344;1.00;12.00;40.00
1345;4.00;2.00;99.00
1346;2.00;12.00;6.00
1347;9.00;1.00;4.00
1348;0.00;1.00;75.00
1349;6.00;10.00;4.00
1350;2.00;6.00;99.00
1351;1.00;6.00;61.00
1352;7.00;1.00;5.00
1353;1.00;11.00;33.00
1354;4.00;11.00;79.00
1355;6.00;6.00;31.00
1356;9.00;11.00;39.00
1357;0.00;3.00;5.00
1358;0.00;7.00;79.00
1359;4.00;3.00;94.00
1360;3.00;7.00;20.00
1361;4.00;9.00;39.00
1362;9.00;6.00;55.00
1363;4.00;6.00;5.00
1364;9.00;1.00;67.00
1365;8.00;5.00;41.00
1366;6.00;11.00;22.00
1367;2.00;1.00;62.00
1368;7.00;10.00;30.00
1369;3.00;11.00;29.00
1370;2.00;7.00;18.00
1371;5.00;9.00;79.00
1372;9.00;6.00;58.00
1373;7.00;9.00;68.00
1374;4.00;10.00;98.00
1375;3.00;2.00;3.00
1376;9.00;2.00;19.00
1377;0.00;9.00;55.00
1378;7.00;8.00;44.00
1379;5.00;1.00;12.00
1380;3.00;1.00;84.00
1381;8.00;11.00;95.00
1382;6.00;5.00;23.00
1383;4.00;12.00;75.00
1384;5.00;0.00;20.00
1385;4.00;1.00;97.00
1386;3.00;10.00;34.00
1387;9.00;12.00;46.00
1388;7.00;4.00;45.00
1389;8.00;1.00;75.00
1390;2.00;11.00;89.00
1391;2.00;12.00;31.00
1392;6.00;7.00;57.00
1393;1.00;4.00;71.00
1394;6.00;2.00;22.00
1395;8.00;4.00;76.00
1396;9.00;0.00;34.00
1397;8.00;2.00;5.00
1398;2.00;6.00;4.00
1399;8.00;6.00;14.00
1400;8.00;12.00;56.00
1401;2.00;5.00;88.00
1402;7.00;9.00;81.00
1403;1.00;10.00;10.00
1404;2.00;2.00;5.00
1405;2.00;2.00;59.00
1406;1.00;8.00;99.00
1407;0.00;6.00;65.00
1408;0.00;1.00;56.00
1409;9.00;5.00;66.00
1410;1.00;5.00;50.00
1411;2.00;11.00;51.00
1412;2.00;11.00;85.00
1413;0.00;12.00;54.00
1414;7.00;10.00;24.00
1415;2.00;6.00;90.00
1416;2.00;10.00;47.00
1417;6.00;2.00;34.00
1418;3.00;1.00;33.00
1419;1.00;3.00;45.00
1420;3.00;10.00;49.00
1421;4.00;3.00;37.00
1422;6.00;12.00;11.00
1423;7.00;5.00;98.00
1424;2.00;3.00;46.00
1425;4.00;12.00;25.00
1426;5.00;8.00;36.00
1427;6.00;2.00;57.00
1428;4.00;2.00;7.00
1429;5.00;9.00;19.00
1430;6.00;1.00;46.00
1431;8.00;3.00;54.00
1432;7.00;2.00;92.00
1433;6.00;9.00;87.00
1434;7.00;6.00;35.00
1435;0.00;4.00;27.00
1436;5.00;1.00;96.00
1437;0.00;11.00;86.00
1438;1.00;8.00;66.00
1439;7.00;5.00;60.00
1440;5.00;10.00;87.00
1441;9.00;6.00;65.00
1442;2.00;11.00;42.00
1443;1.00;10.00;94.00
1444;0.00;4.00;91.00
1445;8.00;5.00;39.00
1446;3.00;0.00;5.00
1447;0.00;9.00;18.00
1448;9.00;8.00;57.00
1449;1.00;6.00;44.00
1450;7.00;2.00;7.00
1451;2.00;5.00;48.00
1452;5.00;6.00;23.00
1453;9.00;1.00;62.00
1454;7.00;8.00;54.00
1455;1.00;1.00;65.00
1456;3.00;1.00;26.00
1457;3.00;0.00;14.00
1458;0.00;11.00;4.00
1459;9.00;8.00;7.00
1460;6.00;0.00;33.00
1461;9.00;10.00;4.00
1462;4.00;7.00;71.00
1463;4.00;10.00;14.00
1464;8.00;7.00;3.00
1465;9.00;12.00;50.00
1466;1.00;4.00;2.00
1467;9.00;7.00;53.00
1468;9.00;1.00;48.00
1469;1.00;12.00;56.00
1470;9.00;10.00;68.00
1471;6.00;6.00;31.00
1472;4.00;1.00;88.00
1473;0.00;7.00;72.00
1474;3.00;11.00;95.00
1475;7.00;1.00;25.00
1476;1.00;0.00;98.00
1477;0.00;12.00;14.00
1478;4.00;8.00;23.00
1479;6.00;5.00;83.00
1480;0.00;4.00;54.00
1481;0.00;6.00;45.00
1482;5.00;8.00;38.00
1483;4.00;12.00;34.00
1484;3.00;3.00;18.00
1485;4.00;0.00;7.00
1486;1.00;7.00;3.00
1487;8.00;12.00;49.00
1488;8.00;3.00;95.00
1489;8.00;1.00;75.00
1490;4.00;2.00;86.00
1491;2.00;7.00;15.00
1492;4.00;2.00;7.00
1493;2.00;9.00;3.00
1494;5.00;1.00;25.00
1495;4.00;9.00;91.00
1496;5.00;4.00;36.00
1497;4.00;4.00;88.00
1498;9.00;0.00;68.00
1499;5.00;6.00;3.00
1500;0.00;1.00;26.00
1501;1.00;10.00;39.00
1502;3.00;10.00;2.00
1503;6.00;3.00;83.00
1504;8.00;7.00;43.00
1505;4.00;2.00;60.00
1506;3.00;5.00;23.00
1507;6.00;11.00;93.00
1508;0.00;6.00;39.00
1509;6.00;4.00;92.00
1510;2.00;4.00;39.00
1511;0.00;4.00;34.00
1512;4.00;1.00;51.00
1513;5.00;3.00;15.00
1514;5.00;10.00;26.00
1515;3.00;9.00;49.00
1516;2.00;12.00;27.00
1517;5.00;10.00;76.00
1518;4.00;0.00;13.00
1519;1.00;4.00;82.00
1520;5.00;11.00;85.00
1521;3.00;1.00;73.00
1522;0.00;8.00;34.00
1523;2.00;7.00;39.00
1524;6.00;12.00;92.00
1525;4.00;12.00;85.00
1526;2.00;12.00;29.00
1527;9.00;4.00;97.00
1528;1.00;9.00;86.00
1529;9.00;10.00;9.00
1530;3.00;12.00;88.00
1531;4.00;8.00;71.00
1532;7.00;9.00;28.00
1533;1.00;10.00;69.00
1534;8.00;5.00;62.00
1535;7.00;1.00;35.00
1536;2.00;1.00;99.00
1537;2.00;11.00;13.00
1538;2.00;9.00;59.00
1539;3.00;0.00;85.00
1540;7.00;1.00;85.00
1541;6.00;4.00;23.00
1542;6.00;1.00;25.00
1543;4.00;6.00;18.00
1544;5.00;0.00;9.00
1545;7.00;2.00;59.00
1546;9.00;2.00;48.00
1547;4.00;9.00;20.00
1548;5.00;9.00;6.00
1549;2.00;4.00;40.00
1550;9.00;11.00;85.00
1551;8.00;7.00;11.00
1552;4.00;2.00;76.00
1553;5.00;7.00;13.00
1554;9.00;0.00;75.00
1555;1.00;12.00;58.00
1556;1.00;2.00;73.00
1557;8.00;9.00;31.00
1558;1.00;10.00;70.00
1559;7.00;5.00;43.00
1560;2.00;12.00;7.00
1561;0.00;6.00;86.00
1562;9.00;2.00;42.00
1563;3.00;7.00;81.00
1564;0.00;8.00;55.00
1565;7.00;4.00;61.00
1566;6.00;6.00;85.00
1567;7.00;11.00;59.00
1568;8.00;4.00;93.00
1569;8.00;1.00;5.00
1570;3.00;3.00;87.00
1571;5.00;4.00;25.00
1572;1.00;8.00;24.00
1573;3.00;3.00;6.00
1574;2.00;0.00;17.00
1575;1.00;5.00;98.00
1576;6.00;11.00;70.00
1577;4.00;2.00;56.00
1578;7.00;12.00;89.00
1579;9.00;2.00;46.00
1580;2.00;3.00;20.00
1581;2.00;3.00;6.00
1582;3.00;3.00;7.00
1583;0.00;2.00;76.00
1584;8.00;6.00;31.00
1585;0.00;6.00;22.00
1586;9.00;12.00;85.00
1587;2.00;5.00;90.00
1588;2.00;9.00;15.00
1589;1.00;3.00;62.00
1590;8.00;2.00;79.00
1591;1.00;5.00;77.00
1592;5.00;0.00;50.00
1593;1.00;5.00;91.00
1594;2.00;10.00;3.00
1595;5.00;6.00;13.00
1596;7.00;1.00;79.00
1597;1.00;1.00;68.00
1598;5.00;11.00;87.00
1599;9.00;7.00;77.00
1600;1.00;1.00;79.00
1601;5.00;10.00;82.00
1602;5.00;12.00;31.00
1603;0.00;4.00;48.00
1604;6.00;11.00;84.00
1605;4.00;1.00;75.00
1606;3.00;10.00;50.00
1607;3.00;9.00;23.00
1608;4.00;8.00;37.00
1609;4.00;9.00;31.00
1610;6.00;0.00;97.00
1611;5.00;0.00;59.00
1612;2.00;0.00;26.00
1613;4.00;12.00;34.00
1614;0.00;0.00;54.00
1615;3.00;11.00;87.00
1616;0.00;6.00;29.00
1617;4.00;9.00;83.00
1618;0.00;6.00;41.00
1619;4.00;7.00;63.00
1620;7.00;5.00;0.00
1621;5.00;11.00;62.00
1622;0.00;6.00;33.00
1623;9.00;8.00;43.00
1624;2.00;4.00;53.00
1625;4.00;11.00;75.00
1626;3.00;3.00;5.00
1627;5.00;11.00;30.00
1628;5.00;2.00;27.00
1629;5.00;5.00;44.00
1630;2.00;11.00;48.00
1631;8.00;5.00;2.00
1632;5.00;0.00;91.00
1633;2.00;12.00;69.00
1634;2.00;3.00;19.00
1635;8.00;12.00;95.00
1636;2.00;10.00;80.00
1637;7.00;2.00;37.00
1638;8.00;3.00;79.00
1639;2.00;6.00;24.00
1640;9.00;9.00;26.00
1641;4.00;4.00;80.00
1642;3.00;11.00;32.00
1643;5.00;9.00;41.00
1644;8.00;2.00;97.00
1645;1.00;12.00;21.00
1646;1.00;4.00;96.00
1647;3.00;5.00;32.00
1648;4.00;0.00;1.00
1649;8.00;5.00;34.00
1650;2.00;12.00;83.00
1651;9.00;10.00;17.00
1652;5.00;1.00;7.00
1653;3.00;8.00;16.00
1654;7.00;11.00;88.00
1655;0.00;9.00;88.00
1656;1.00;2.00;50.00
1657;6.00;5.00;22.00
1658;1.00;7.00;48.00
1659;0.00;9.00;50.00
1660;4.00;8.00;43.00
1661;3.00;0.00;87.00
1662;2.00;11.00;46.00
1663;2.00;4.00;35.00
1664;3.00;12.00;7.00
1665;8.00;5.00;80.00
1666;3.00;7.00;36.00
1667;7.00;1.00;78.00
1668;4.00;1.00;12.00
1669;7.00;0.00;95.00
1670;7.00;8.00;88.00
1671;9.00;0.00;2.00
1672;3.00;4.00;65.00
1673;4.00;6.00;83.00
1674;9.00;8.00;33.00
1675;3.00;11.00;2.00
1676;1.00;9.00;64.00
1677;8.00;5.00;88.00
1678;3.00;11.00;75.00
1679;6.00;0.00;80.00
1680;2.00;8.00;43.00
1681;0.00;8.00;50.00
1682;9.00;5.00;98.00
1683;3.00;8.00;93.00
1684;4.00;7.00;36.00
1685;5.00;1.00;37.00
1686;0.00;12.00;61.00
1687;8.00;1.00;93.00
1688;2.00;11.00;82.00
1689;1.00;9.00;92.00
1690;2.00;1.00;21.00
1691;6.00;11.00;90.00
1692;8.00;9.00;99.00
1693;2.00;7.00;5.00
1694;1.00;11.00;34.00
1695;6.00;5.00;77.00
1696;7.00;8.00;98.00
1697;3.00;8.00;39.00
1698;9.00;7.00;81.00
1699;3.00;7.00;7.00
1700;2.00;3.00;26.00
1701;9.00;2.00;1.00
1702;6.00;0.00;9.00
1703;7.00;3.00;4.00
1704;5.00;1.00;93.00
1705;9.00;7.00;33.00
1706;0.00;0.00;48.00
1707;6.00;0.00;80.00
1708;9.00;2.00;96.00
1709;0.00;11.00;29.00
1710;1.00;4.00;92.00
1711;4.00;11.00;32.00
1712;6.00;9.00;32.00
1713;4.00;11.00;49.00
1714;8.00;5.00;41.00
1715;7.00;9.00;81.00
1716;7.00;11.00;38.00
1717;4.00;8.00;64.00
1718;6.00;2.00;77.00
1719;0.00;11.00;92.00
1720;8.00;3.00;91.00
1721;5.00;6.00;63.00
1722;5.00;12.00;17.00
1723;0.00;9.00;17.00
1724;3.00;3.00;23.00
1725;2.00;0.00;20.00
1726;6.00;10.00;50.00
1727;2.00;9.00;73.00
1728;1.00;4.00;27.00
1729;3.00;6.00;55.00
1730;9.00;10.00;99.00
1731;8.00;10.00;29.00
1732;6.00;12.00;45.00
1733;1.00;4.00;18.00
1734;4.00;9.00;85.00
1735;9.00;0.00;9.00
1736;4.00;8.00;60.00
1737;4.00;3.00;63.00
1738;1.00;6.00;50.00
1739;9.00;1.00;82.00
1740;9.00;9.00;35.00
1741;0.00;8.00;12.00
1742;2.00;0.00;46.00
1743;5.00;4.00;88.00
1744;6.00;10.00;84.00
1745;8.00;5.00;10.00
1746;8.00;3.00;60.00
1747;0.00;7.00;69.00
1748;8.00;4.00;49.00
1749;8.00;6.00;6.00
1750;5.00;1.00;98.00
1751;3.00;3.00;23.00
1752;9.00;12.00;33.00
1753;5.00;1.00;51.00
1754;7.00;7.00;17.00
1755;3.00;5.00;57.00
1756;5.00;6.00;26.00
1757;7.00;3.00;7.00
1758;9.00;3.00;60.00
1759;6.00;0.00;39.00
1760;7.00;0.00;8.00
1761;0.00;9.00;60.00
1762;2.00;6.00;95.00
1763;9.00;10.00;57.00
1764;4.00;4.00;32.00
1765;1.00;7.00;13.00
1766;5.00;2.00;97.00
1767;1.00;2.00;93.00
1768;2.00;11.00;76.00
1769;1.00;0.00;44.00
1770;0.00;9.00;49.00
1771;8.00;8.00;62.00
1772;4.00;6.00;88.00
1773;7.00;5.00;39.00
1774;8.00;7.00;60.00
1775;5.00;8.00;8.00
1776;0.00;8.00;99.00
1777;0.00;3.00;21.00
1778;6.00;3.00;67.00
1779;9.00;0.00;42.00
1780;1.00;0.00;65.00
1781;5.00;11.00;84.00
1782;1.00;8.00;51.00
1783;3.00;9.00;42.00
1784;2.00;10.00;94.00
1785;5.00;3.00;43.00
1786;7.00;1.00;94.00
1787;9.00;11.00;94.00
1788;0.00;5.00;37.00
1789;3.00;1.00;75.00
1790;0.00;9.00;70.00
1791;7.00;11.00;57.00
1792;0.00;3.00;48.00
1793;8.00;2.00;50.00
1794;6.00;12.00;63.00
1795;2.00;0.00;60.00
1796;2.00;11.00;13.00
1797;9.00;9.00;87.00
1798;3.00;7.00;85.00
1799;4.00;0.00;26.00
1800;9.00;11.00;71.00
1801;1.00;5.00;0.00
1802;9.00;11.00;3.00
1803;9.00;2.00;7.00
1804;1.00;9.00;6.00
1805;7.00;11.00;0.00
1806;5.00;2.00;88.00
1807;6.00;5.00;49.00
1808;2.00;4.00;8.00
1809;8.00;9.00;38.00
1810;1.00;7.00;48.00
1811;9.00;6.00;2.00
1812;2.00;7.00;52.00
1813;1.00;10.00;43.00
1814;1.00;7.00;88.00
1815;1.00;7.00;50.00
1816;7.00;2.00;36.00
1817;0.00;4.00;64.00
1818;1.00;10.00;29.00
1819;5.00;12.00;53.00
1820;3.00;9.00;18.00
1821;5.00;1.00;64.00
1822;6.00;9.00;6.00
1823;7.00;3.00;93.00
1824;5.00;10.00;8.00
1825;6.00;0.00;60.00
1826;1.00;5.00;24.00
1827;7.00;8.00;89.00
1828;3.00;12.00;58.00
1829;8.00;2.00;44.00
1830;7.00;12.00;62.00
1831;7.00;11.00;83.00
1832;1.00;5.00;79.00
1833;5.00;0.00;98.00
1834;3.00;6.00;98.00
1835;5.00;4.00;62.00
1836;3.00;5.00;68.00
1837;4.00;2.00;95.00
1838;3.00;7.00;6.00
1839;2.00;2.00;78.00
1840;3.00;6.00;29.00
1841;5.00;12.00;93.00
1842;9.00;3.00;66.00
1843;7.00;2.00;81.00
1844;4.00;11.00;56.00
1845;2.00;1.00;74.00
1846;0.00;4.00;4.00
1847;6.00;0.00;71.00
1848;9.00;4.00;82.00
1849;4.00;7.00;83.00
1850;6.00;10.00;31.00
1851;6.00;11.00;76.00
1852;5.00;5.00;68.00
1853;6.00;8.00;10.00
1854;4.00;4.00;13.00
1855;2.00;2.00;41.00
1856;6.00;10.00;31.00
1857;8.00;6.00;66.00
1858;3.00;2.00;91.00
1859;5.00;10.00;23.00
1860;8.00;11.00;17.00
1861;7.00;9.00;53.00
1862;5.00;6.00;33.00
1863;5.00;7.00;42.00
1864;8.00;10.00;74.00
1865;4.00;0.00;12.00
1866;0.00;4.00;24.00
1867;2.00;7.00;64.00
1868;5.00;8.00;14.00
1869;1.00;1.00;71.00
1870;3.00;8.00;65.00
1871;5.00;8.00;85.00
1872;8.00;10.00;86.00
1873;6.00;0.00;92.00
1874;3.00;11.00;79.00
1875;6.00;5.00;42.00
1876;4.00;5.00;20.00
1877;5.00;3.00;85.00
1878;0.00;6.00;7.00
1879;5.00;3.00;99.00
1880;6.00;7.00;90.00
1881;9.00;10.00;41.00
1882;5.00;2.00;16.00
1883;8.00;10.00;83.00
1884;9.00;12.00;93.00
1885;3.00;3.00;28.00
1886;6.00;4.00;26.00
1887;1.00;12.00;56.00
1888;3.00;7.00;83.00
1889;1.00;10.00;53.00
1890;0.00;7.00;45.00
1891;2.00;3.00;63.00
1892;2.00;11.00;92.00
1893;2.00;0.00;61.00
1894;9.00;2.00;19.00
1895;0.00;9.00;25.00
1896;4.00;1.00;68.00
1897;3.00;0.00;72.00
1898;2.00;4.00;49.00
1899;4.00;0.00;5.00
1900;8.00;9.00;27.00
1901;1.00;9.00;76.00
1902;8.00;4.00;66.00
1903;2.00;8.00;2.00
1904;5.00;9.00;46.00
1905;7.00;4.00;30.00
1906;2.00;10.00;72.00
1907;4.00;0.00;9.00
1908;2.00;3.00;21.00
1909;5.00;5.00;29.00
1910;5.00;12.00;82.00
1911;3.00;8.00;69.00
1912;8.00;5.00;55.00
1913;2.00;5.00;47.00
1914;5.00;7.00;26.00
1915;5.00;8.00;23.00
1916;4.00;9.00;27.00
1917;3.00;0.00;41.00
1918;8.00;7.00;19.00
1919;0.00;4.00;59.00
1920;2.00;6.00;75.00
1921;4.00;4.00;46.00
1922;9.00;0.00;67.00
1923;5.00;12.00;95.00
1924;9.00;3.00;25.00
1925;3.00;2.00;31.00
1926;8.00;7.00;53.00
1927;4.00;6.00;28.00
1928;5.00;3.00;24.00
1929;6.00;10.00;27.00
1930;7.00;0.00;55.00
1931;6.00;10.00;72.00
1932;6.00;4.00;19.00
1933;5.00;6.00;13.00
1934;6.00;2.00;81.00
1935;4.00;10.00;4.00
1936;9.00;10.00;74.00
1937;3.00;7.00;85.00
1938;6.00;8.00;36.00
1939;6.00;9.00;17.00
1940;0.00;6.00;95.00
1941;4.00;8.00;28.00
1942;0.00;2.00;34.00
1943;2.00;4.00;61.00
1944;8.00;7.00;71.00
1945;8.00;10.00;70.00
1946;7.00;10.00;55.00
1947;1.00;8.00;34.00
1948;4.00;5.00;58.00
1949;0.00;3.00;17.00
1950;1.00;2.00;27.00
1951;0.00;1.00;28.00
1952;0.00;3.00;77.00
1953;0.00;8.00;49.00
1954;0.00;3.00;93.00
1955;2.00;1.00;86.00
1956;6.00;6.00;93.00
1957;5.00;4.00;90.00
1958;7.00;5.00;32.00
1959;1.00;5.00;47.00
1960;6.00;2.00;72.00
1961;1.00;8.00;62.00
1962;3.00;10.00;86.00
1963;3.00;11.00;98.00
1964;4.00;9.00;27.00
1965;3.00;10.00;23.00
1966;9.00;7.00;28.00
1967;9.00;7.00;33.00
1968;9.00;5.00;94.00
1969;8.00;8.00;68.00
1970;0.00;8.00;0.00
1971;8.00;7.00;32.00
1972;6.00;6.00;67.00
1973;9.00;4.00;22.00
1974;0.00;10.00;43.00
1975;0.00;4.00;78.00
1976;4.00;9.00;6.00
1977;6.00;11.00;29.00
1978;2.00;8.00;2.00
1979;7.00;6.00;39.00
1980;2.00;7.00;77.00
1981;0.00;8.00;38.00
1982;4.00;11.00;29.00
1983;6.00;9.00;73.00
1984;4.00;2.00;61.00
1985;6.00;9.00;52.00
1986;9.00;3.00;7.00
1987;1.00;6.00;64.00
1988;5.00;5.00;37.00
1989;7.00;0.00;86.00
1990;2.00;12.00;21.00
1991;0.00;7.00;5.00
1992;7.00;5.00;27.00
1993;9.00;3.00;33.00
1994;9.00;12.00;67.00
1995;4.00;3.00;73.00
1996;0.00;2.00;96.00
1997;6.00;2.00;45.00
1998;1.00;3.00;52.00
1999;9.00;7.00;9.00
2000;3.00;4.00;90.00
2001;3.00;11.00;92.00
2002;3.00;5.00;72.00
2003;4.00;10.00;54.00
2004;3.00;5.00;32.00
2005;4.00;2.00;79.00
2006;8.00;4.00;50.00
2007;2.00;0.00;15.00
2008;3.00;6.00;63.00
2009;8.00;4.00;38.00
2010;7.00;8.00;52.00
2011;2.00;4.00;78.00
2012;6.00;0.00;72.00
2013;1.00;1.00;18.00
2014;9.00;0.00;94.00
2015;3.00;0.00;87.00
2016;4.00;6.00;10.00
2017;9.00;2.00;81.00
2018;2.00;9.00;10.00
2019;2.00;12.00;22.00
2020;2.00;7.00;5.00
2021;6.00;1.00;15.00
2022;0.00;2.00;89.00
2023;3.00;1.00;23.00
2024;8.00;2.00;55.00
2025;1.00;12.00;45.00
2026;3.00;0.00;1.00
2027;5.00;4.00;20.00
2028;2.00;7.00;2.00
2029;1.00;9.00;10.00
2030;6.00;1.00;67.00
2031;0.00;0.00;49.00
2032;1.00;4.00;65.00
2033;8.00;4.00;38.00
2034;8.00;11.00;95.00
2035;3.00;10.00;62.00
2036;8.00;6.00;24.00
2037;9.00;4.00;57.00
2038;1.00;7.00;17.00
2039;5.00;2.00;92.00
2040;3.00;11.00;3.00
2041;1.00;7.00;4.00
2042;2.00;10.00;52.00
2043;9.00;2.00;60.00
2044;2.00;1.00;48.00
2045;1.00;11.00;87.00
2046;1.00;5.00;1.00
2047;9.00;2.00;0.00
2048;7.00;0.00;48.00
2049;6.00;0.00;45.00
2050;4.00;4.00;10.00
2051;0.00;2.00;30.00
2052;5.00;9.00;15.00
2053;3.00;11.00;83.00
2054;5.00;12.00;54.00
2055;2.00;8.00;65.00
2056;5.00;6.00;91.00
2057;1.00;0.00;59.00
2058;9.00;9.00;88.00
2059;6.00;9.00;29.00
2060;2.00;2.00;66.00
2061;7.00;11.00;19.00
2062;9.00;0.00;17.00
2063;0.00;7.00;19.00
2064;7.00;2.00;67.00
2065;8.00;5.00;38.00
2066;9.00;11.00;4.00
2067;8.00;3.00;87.00
2068;8.00;3.00;45.00
2069;6.00;3.00;53.00
2070;8.00;11.00;61.00
2071;9.00;9.00;48.00
2072;6.00;2.00;73.00
2073;2.00;8.00;75.00
2074;6.00;11.00;89.00
2075;2.00;12.00;81.00
2076;7.00;4.00;76.00
2077;1.00;1.00;16.00
2078;3.00;11.00;83.00
2079;5.00;7.00;61.00
2080;0.00;6.00;86.00
2081;3.00;9.00;67.00
2082;5.00;0.00;55.00
2083;1.00;5.00;4.00
2084;2.00;11.00;3.00
2085;6.00;8.00;0.00
2086;0.00;9.00;41.00
2087;5.00;0.00;96.00
2088;3.00;12.00;12.00
2089;0.00;2.00;35.00
2090;9.00;2.00;91.00
2091;9.00;6.00;50.00
2092;0.00;0.00;55.00
2093;6.00;9.00;61.00
2094;1.00;0.00;83.00
2095;8.00;2.00;9.00
2096;5.00;1.00;86.00
2097;6.00;10.00;40.00
2098;2.00;4.00;9.00
2099;1.00;10.00;78.00
2100;4.00;5.00;22.00
2101;2.00;6.00;21.00
2102;1.00;5.00;99.00
2103;3.00;6.00;87.00
2104;3.00;11.00;52.00
2105;1.00;1.00;59.00
2106;8.00;2.00;49.00
2107;2.00;12.00;99.00
2108;9.00;8.00;77.00
2109;6.00;8.00;98.00
2110;3.00;1.00;74.00
2111;8.00;7.00;46.00
2112;2.00;0.00;17.00
2113;6.00;4.00;30.00
2114;1.00;11.00;92.00
2115;4.00;2.00;40.00
2116;3.00;2.00;63.00
2117;7.00;5.00;73.00
2118;7.00;3.00;36.00
2119;3.00;12.00;78.00
2120;7.00;0.00;39.00
2121;3.00;12.00;40.00
2122;0.00;4.00;90.00
2123;2.00;11.00;51.00
2124;4.00;3.00;33.00
2125;2.00;8.00;65.00
2126;4.00;6.00;36.00
2127;6.00;5.00;10.00
2128;1.00;11.00;92.00
2129;0.00;3.00;85.00
2130;8.00;12.00;42.00
2131;5.00;5.00;13.00
2132;7.00;4.00;80.00
2133;9.00;12.00;20.00
2134;1.00;1.00;26.00
2135;5.00;2.00;48.00
2136;7.00;11.00;23.00
2137;4.00;11.00;27.00
2138;3.00;9.00;1.00
2139;1.00;0.00;96.00
2140;4.00;7.00;51.00
2141;4.00;0.00;6.00
2142;9.00;1.00;69.00
2143;4.00;1.00;66.00
2144;2.00;4.00;7.00
2145;2.00;2.00;48.00
2146;0.00;4.00;42.00
2147;0.00;10.00;64.00
2148;9.00;1.00;8.00
2149;0.00;1.00;80.00
2150;3.00;9.00;76.00
2151;6.00;10.00;60.00
2152;9.00;7.00;44.00
2153;7.00;11.00;18.00
2154;6.00;8.00;82.00
2155;7.00;2.00;51.00
2156;3.00;10.00;80.00
2157;1.00;2.00;6.00
2158;7.00;10.00;56.00
2159;3.00;2.00;98.00
2160;9.00;11.00;35.00
2161;6.00;5.00;25.00
2162;3.00;6.00;21.00
2163;1.00;3.00;88.00
2164;9.00;5.00;83.00
2165;7.00;4.00;97.00
2166;2.00;7.00;9.00
2167;8.00;8.00;10.00
2168;3.00;11.00;33.00
2169;6.00;3.00;28.00
2170;7.00;8.00;90.00
2171;1.00;2.00;26.00
2172;8.00;0.00;45.00
2173;5.00;10.00;93.00
2174;2.00;7.00;70.00
2175;6.00;5.00;0.00
2176;0.00;11.00;60.00
2177;8.00;7.00;65.00
2178;5.00;12.00;50.00
2179;2.00;11.00;67.00
2180;8.00;8.00;16.00
2181;4.00;11.00;77.00
2182;3.00;11.00;70.00
2183;8.00;6.00;41.00
2184;6.00;6.00;28.00
2185;7.00;11.00;11.00
2186;0.00;12.00;74.00
2187;6.00;12.00;54.00
2188;0.00;12.00;5.00
2189;6.00;9.00;51.00
2190;6.00;12.00;54.00
2191;3.00;2.00;10.00
2192;2.00;2.00;49.00
2193;6.00;6.00;36.00
2194;7.00;12.00;74.00
2195;4.00;12.00;24.00
2196;3.00;0.00;77.00
2197;2.00;10.00;28.00
2198;4.00;5.00;17.00
2199;8.00;4.00;61.00
2200;7.00;11.00;55.00
2201;5.00;12.00;7.00
2202;1.00;9.00;40.00
2203;4.00;4.00;91.00
2204;1.00;2.00;46.00
2205;8.00;0.00;68.00
2206;8.00;12.00;27.00
2207;1.00;8.00;13.00
2208;7.00;8.00;61.00
2209;3.00;5.00;34.00
2210;6.00;3.00;54.00
2211;0.00;7.00;44.00
2212;8.00;10.00;79.00
2213;0.00;11.00;80.00
2214;0.00;3.00;54.00
2215;1.00;3.00;94.00
2216;0.00;12.00;80.00
2217;8.00;6.00;24.00
2218;0.00;12.00;92.00
2219;4.00;0.00;96.00
2220;5.00;12.00;32.00
2221;4.00;2.00;68.00
2222;4.00;11.00;22.00
2223;4.00;6.00;57.00
2224;8.00;6.00;25.00
2225;9.00;2.00;95.00
2226;8.00;0.00;80.00
2227;4.00;2.00;57.00
2228;3.00;0.00;55.00
2229;0.00;2.00;63.00
2230;1.00;8.00;31.00
2231;5.00;11.00;53.00
2232;1.00;10.00;96.00
2233;8.00;11.00;32.00
2234;8.00;4.00;14.00
2235;2.00;8.00;8.00
2236;7.00;9.00;76.00
2237;6.00;6.00;65.00
2238;1.00;1.00;26.00
2239;0.00;11.00;18.00
2240;1.00;2.00;24.00
2241;1.00;9.00;55.00
2242;2.00;0.00;47.00
2243;1.00;5.00;85.00
2244;9.00;2.00;72.00
2245;6.00;9.00;44.00
2246;5.00;4.00;89.00
2247;0.00;12.00;27.00
2248;5.00;10.00;52.00
2249;8.00;6.00;73.00
2250;6.00;1.00;14.00
2251;3.00;9.00;45.00
2252;3.00;4.00;71.00
2253;6.00;12.00;89.00
2254;1.00;9.00;29.00
2255;4.00;11.00;92.00
2256;5.00;3.00;77.00
2257;7.00;8.00;11.00
2258;3.00;9.00;26.00
2259;1.00;3.00;33.00
2260;3.00;0.00;60.00
2261;5.00;12.00;32.00
2262;4.00;2.00;15.00
2263;4.00;7.00;13.00
2264;9.00;3.00;85.00
2265;4.00;11.00;22.00
2266;9.00;5.00;83.00
2267;1.00;6.00;75.00
2268;2.00;9.00;5.00
2269;5.00;5.00;78.00
2270;0.00;3.00;59.00
2271;5.00;9.00;59.00
2272;4.00;3.00;68.00
2273;7.00;4.00;32.00
2274;5.00;10.00;13.00
2275;2.00;2.00;63.00
2276;7.00;9.00;81.00
2277;8.00;6.00;6.00
2278;5.00;11.00;51.00
2279;3.00;4.00;70.00
2280;9.00;4.00;5.00
2281;3.00;6.00;5.00
2282;7.00;9.00;60.00
2283;9.00;3.00;82.00
2284;5.00;0.00;61.00
2285;5.00;12.00;61.00
2286;7.00;4.00;84.00
2287;6.00;9.00;79.00
2288;7.00;5.00;7.00
2289;2.00;5.00;10.00
2290;7.00;5.00;25.00
2291;3.00;0.00;74.00
2292;4.00;7.00;6.00
2293;6.00;8.00;54.00
2294;7.00;6.00;36.00
2295;4.00;6.00;16.00
2296;4.00;6.00;9.00
2297;1.00;7.00;83.00
2298;4.00;0.00;25.00
2299;3.00;1.00;36.00
2300;9.00;6.00;41.00
2301;5.00;5.00;44.00
2302;9.00;2.00;46.00
2303;2.00;9.00;73.00
2304;0.00;4.00;31.00
2305;3.00;1.00;56.00
2306;6.00;4.00;59.00
2307;4.00;6.00;69.00
2308;2.00;7.00;43.00
2309;7.00;4.00;96.00
2310;8.00;0.00;93.00
2311;4.00;12.00;12.00
2312;7.00;6.00;81.00
2313;0.00;5.00;75.00
2314;4.00;4.00;81.00
2315;6.00;5.00;10.00
2316;2.00;9.00;51.00
2317;2.00;6.00;13.00
2318;3.00;9.00;33.00
2319;1.00;11.00;35.00
2320;1.00;7.00;33.00
2321;5.00;10.00;23.00
2322;0.00;5.00;40.00
2323;5.00;12.00;97.00
2324;7.00;3.00;32.00
2325;7.00;3.00;24.00
2326;9.00;10.00;68.00
2327;9.00;5.00;87.00
2328;6.00;12.00;22.00
2329;2.00;3.00;78.00
2330;9.00;2.00;65.00
2331;8.00;9.00;79.00
2332;8.00;3.00;77.00
2333;6.00;5.00;3.00
2334;5.00;5.00;25.00
2335;6.00;1.00;15.00
2336;6.00;11.00;44.00
2337;6.00;7.00;19.00
2338;4.00;0.00;79.00
2339;1.00;8.00;81.00
2340;2.00;3.00;48.00
2341;6.00;5.00;55.00
2342;0.00;6.00;20.00
2343;5.00;7.00;12.00
2344;2.00;2.00;99.00
2345;5.00;4.00;39.00
2346;1.00;1.00;71.00
2347;2.00;11.00;29.00
2348;3.00;6.00;96.00
2349;7.00;6.00;43.00
2350;0.00;11.00;88.00
2351;6.00;4.00;53.00
2352;9.00;4.00;13.00
2353;7.00;8.00;24.00
2354;8.00;10.00;13.00
2355;0.00;4.00;47.00
2356;4.00;10.00;36.00
2357;6.00;1.00;59.00
2358;5.00;6.00;60.00
2359;3.00;1.00;45.00
2360;0.00;2.00;97.00
2361;0.00;10.00;73.00
2362;1.00;5.00;56.00
2363;9.00;7.00;17.00
2364;4.00;11.00;80.00
2365;4.00;8.00;90.00
2366;5.00;9.00;63.00
2367;1.00;10.00;61.00
2368;6.00;12.00;42.00
2369;8.00;7.00;16.00
2370;0.00;5.00;18.00
2371;5.00;11.00;31.00
2372;0.00;0.00;11.00
2373;0.00;6.00;34.00
2374;1.00;9.00;92.00
2375;1.00;8.00;3.00
2376;5.00;0.00;34.00
2377;9.00;7.00;26.00
2378;7.00;9.00;86.00
2379;7.00;2.00;81.00
2380;1.00;10.00;53.00
2381;0.00;6.00;64.00
2382;3.00;9.00;2.00
2383;6.00;7.00;3.00
2384;3.00;2.00;80.00
2385;2.00;10.00;99.00
2386;1.00;6.00;85.00
2387;7.00;11.00;73.00
2388;0.00;1.00;19.00
2389;3.00;10.00;91.00
2390;4.00;3.00;4.00
2391;0.00;9.00;40.00
2392;9.00;9.00;7.00
2393;4.00;6.00;62.00
2394;1.00;0.00;35.00
2395;5.00;6.00;77.00
2396;3.00;12.00;68.00
2397;6.00;0.00;8.00
2398;2.00;2.00;35.00
2399;7.00;11.00;4.00
2400;7.00;6.00;81.00
2401;3.00;11.00;92.00
2402;8.00;12.00;90.00
2403;5.00;7.00;33.00
2404;3.00;5.00;95.00
2405;1.00;11.00;71.00
2406;0.00;4.00;4.00
2407;8.00;8.00;87.00
2408;0.00;10.00;5.00
2409;5.00;8.00;30.00
2410;5.00;0.00;97.00
2411;1.00;2.00;25.00
2412;5.00;7.00;42.00
2413;5.00;4.00;96.00
2414;1.00;4.00;5.00
2415;3.00;0.00;76.00
2416;5.00;3.00;13.00
2417;9.00;2.00;51.00
2418;5.00;0.00;87.00
2419;9.00;9.00;9.00
2420;0.00;0.00;21.00
2421;8.00;10.00;42.00
2422;8.00;9.00;83.00
2423;8.00;9.00;67.00
2424;8.00;5.00;98.00
2425;0.00;9.00;59.00
2426;5.00;9.00;96.00
2427;7.00;11.00;35.00
2428;3.00;10.00;84.00
2429;6.00;2.00;25.00
2430;7.00;7.00;9.00
2431;9.00;4.00;54.00
2432;4.00;11.00;7.00
2433;6.00;7.00;20.00
2434;6.00;5.00;22.00
2435;5.00;4.00;88.00
2436;3.00;9.00;45.00
2437;6.00;8.00;18.00
2438;9.00;11.00;90.00
2439;4.00;6.00;89.00
2440;7.00;5.00;30.00
2441;2.00;3.00;59.00
2442;6.00;4.00;76.00
2443;7.00;1.00;20.00
2444;7.00;1.00;95.00
2445;3.00;11.00;96.00
2446;9.00;2.00;63.00
2447;2.00;10.00;28.00
2448;1.00;5.00;59.00
2449;0.00;1.00;1.00
2450;1.00;4.00;30.00
2451;8.00;1.00;54.00
2452;5.00;12.00;52.00
2453;4.00;12.00;39.00
2454;8.00;5.00;97.00
2455;2.00;8.00;55.00
2456;7.00;10.00;2.00
2457;3.00;2.00;89.00
2458;4.00;4.00;2.00
2459;0.00;7.00;67.00
2460;0.00;11.00;44.00
2461;1.00;2.00;34.00
2462;3.00;5.00;38.00
2463;4.00;12.00;20.00
2464;4.00;7.00;35.00
2465;8.00;10.00;91.00
2466;7.00;10.00;24.00
2467;5.00;2.00;80.00
2468;4.00;8.00;64.00
2469;5.00;9.00;32.00
2470;3.00;9.00;7.00
2471;3.00;10.00;54.00
2472;7.00;11.00;91.00
2473;7.00;5.00;59.00
2474;4.00;4.00;56.00
2475;5.00;12.00;43.00
2476;7.00;1.00;58.00
2477;7.00;12.00;10.00
2478;2.00;11.00;2.00
2479;3.00;5.00;0.00
2480;2.00;2.00;78.00
2481;5.00;8.00;69.00
2482;8.00;1.00;37.00
2483;3.00;1.00;17.00
2484;9.00;6.00;69.00
2485;9.00;12.00;25.00
2486;4.00;3.00;5.00
2487;4.00;10.00;88.00
2488;1.00;10.00;78.00
2489;2.00;1.00;92.00
2490;5.00;9.00;24.00
2491;8.00;0.00;81.00
2492;8.00;7.00;69.00
2493;8.00;1.00;3.00
2494;3.00;2.00;25.00
2495;6.00;9.00;77.00
2496;2.00;8.00;41.00
2497;8.00;2.00;83.00
2498;1.00;6.00;96.00
2499;6.00;12.00;39.00
2500;5.00;2.00;22.00
2501;1.00;2.00;61.00
2502;4.00;1.00;4.00
2503;0.00;7.00;88.00
2504;2.00;9.00;83.00
2505;5.00;10.00;5.00
2506;0.00;5.00;74.00
2507;6.00;1.00;3.00
2508;0.00;6.00;57.00
2509;7.00;8.00;0.00
2510;1.00;4.00;48.00
2511;3.00;11.00;37.00
2512;5.00;10.00;49.00
2513;0.00;8.00;31.00
2514;2.00;6.00;23.00
2515;8.00;6.00;57.00
2516;1.00;10.00;64.00
2517;3.00;2.00;49.00
2518;7.00;4.00;74.00
2519;6.00;12.00;92.00
2520;6.00;10.00;86.00
2521;8.00;5.00;78.00
2522;1.00;9.00;18.00
2523;2.00;9.00;65.00
2524;2.00;7.00;91.00
2525;0.00;10.00;6.00
2526;3.00;12.00;80.00
2527;6.00;1.00;32.00
2528;8.00;4.00;56.00
2529;0.00;8.00;3.00
2530;6.00;3.00;50.00
2531;3.00;11.00;91.00
2532;0.00;0.00;32.00
2533;2.00;1.00;93.00
2534;5.00;4.00;10.00
2535;9.00;3.00;97.00
2536;3.00;12.00;82.00
2537;6.00;5.00;17.00
2538;6.00;1.00;37.00
2539;2.00;3.00;34.00
2540;6.00;9.00;33.00
2541;8.00;0.00;81.00
2542;9.00;0.00;26.00
2543;1.00;9.00;17.00
2544;6.00;1.00;59.00
2545;7.00;8.00;12.00
2546;1.00;1.00;86.00
2547;9.00;4.00;50.00
2548;8.00;12.00;45.00
2549;3.00;3.00;88.00
2550;1.00;3.00;2.00
2551;8.00;11.00;68.00
2552;8.00;2.00;17.00
2553;7.00;12.00;58.00
2554;1.00;8.00;82.00
2555;1.00;2.00;70.00
2556;6.00;4.00;45.00
2557;6.00;9.00;40.00
2558;3.00;10.00;68.00
2559;9.00;3.00;0.00
2560;4.00;10.00;35.00
2561;2.00;5.00;89.00
2562;0.00;9.00;24.00
2563;1.00;7.00;22.00
2564;0.00;5.00;32.00
2565;5.00;8.00;58.00
2566;6.00;9.00;93.00
2567;8.00;5.00;23.00
2568;8.00;4.00;54.00
2569;9.00;1.00;5.00
2570;3.00;8.00;88.00
2571;5.00;6.00;21.00
2572;6.00;4.00;99.00
2573;6.00;5.00;10.00
2574;1.00;7.00;43.00
2575;9.00;6.00;32.00
2576;5.00;1.00;51.00
2577;4.00;4.00;15.00
2578;0.00;7.00;71.00
2579;1.00;5.00;67.00
2580;2.00;5.00;97.00
2581;7.00;11.00;30.00
2582;2.00;6.00;99.00
2583;4.00;3.00;89.00
2584;5.00;2.00;85.00
2585;6.00;8.00;97.00
2586;4.00;12.00;40.00
2587;5.00;1.00;5.00
2588;6.00;7.00;82.00
2589;8.00;7.00;43.00
2590;7.00;7.00;29.00
2591;8.00;3.00;71.00
2592;5.00;2.00;46.00
2593;9.00;9.00;35.00
2594;2.00;10.00;79.00
2595;6.00;5.00;19.00
2596;6.00;5.00;51.00
2597;5.00;5.00;70.00
2598;2.00;2.00;46.00
2599;2.00;2.00;29.00
2600;8.00;12.00;31.00
2601;8.00;8.00;38.00
2602;7.00;9.00;25.00
2603;5.00;10.00;15.00
2604;6.00;2.00;95.00
2605;0.00;12.00;63.00
2606;6.00;12.00;60.00
2607;1.00;10.00;7.00
2608;7.00;3.00;77.00
2609;3.00;8.00;68.00
2610;6.00;3.00;99.00
2611;7.00;2.00;13.00
2612;7.00;7.00;72.00
2613;0.00;1.00;30.00
2614;6.00;8.00;6.00
2615;8.00;4.00;72.00
2616;0.00;3.00;98.00
2617;3.00;0.00;19.00
2618;3.00;5.00;14.00
2619;3.00;3.00;44.00
2620;6.00;12.00;66.00
2621;1.00;11.00;61.00
2622;2.00;1.00;26.00
2623;2.00;9.00;26.00
2624;6.00;2.00;38.00
2625;4.00;12.00;21.00
2626;4.00;3.00;25.00
2627;0.00;7.00;94.00
2628;1.00;7.00;27.00
2629;9.00;6.00;96.00
2630;1.00;1.00;66.00
2631;7.00;9.00;38.00
2632;0.00;4.00;45.00
2633;6.00;10.00;27.00
2634;3.00;4.00;72.00
2635;7.00;8.00;16.00
2636;7.00;4.00;95.00
2637;0.00;0.00;39.00
2638;9.00;2.00;46.00
2639;5.00;9.00;81.00
2640;1.00;3.00;21.00
2641;6.00;12.00;52.00
2642;3.00;10.00;73.00
2643;3.00;11.00;71.00
2644;1.00;3.00;53.00
2645;2.00;2.00;36.00
2646;5.00;6.00;65.00
2647;4.00;9.00;82.00
2648;7.00;1.00;89.00
2649;3.00;0.00;33.00
2650;2.00;9.00;0.00
2651;6.00;9.00;0.00
2652;3.00;10.00;12.00
2653;1.00;7.00;70.00
2654;8.00;9.00;68.00
2655;2.00;3.00;35.00
2656;1.00;0.00;3.00
2657;6.00;5.00;51.00
2658;5.00;3.00;25.00
2659;6.00;7.00;61.00
2660;7.00;10.00;72.00
2661;5.00;4.00;20.00
2662;6.00;6.00;94.00
2663;6.00;9.00;70.00
2664;9.00;9.00;53.00
2665;6.00;2.00;91.00
2666;5.00;11.00;85.00
2667;3.00;9.00;8.00
2668;8.00;6.00;86.00
2669;5.00;11.00;9.00
2670;8.00;7.00;95.00
2671;5.00;8.00;21.00
2672;0.00;4.00;40.00
2673;1.00;11.00;76.00
2674;8.00;4.00;2.00
2675;6.00;0.00;90.00
2676;0.00;2.00;55.00
2677;5.00;11.00;94.00
2678;1.00;4.00;49.00
2679;0.00;5.00;73.00
2680;2.00;9.00;5.00
2681;7.00;12.00;60.00
2682;8.00;6.00;96.00
2683;2.00;6.00;68.00
2684;9.00;10.00;11.00
2685;7.00;0.00;59.00
2686;1.00;2.00;80.00
2687;6.00;8.00;59.00
2688;1.00;12.00;64.00
2689;0.00;3.00;55.00
2690;2.00;8.00;50.00
2691;9.00;11.00;89.00
2692;3.00;7.00;99.00
2693;3.00;4.00;7.00
2694;5.00;7.00;68.00
2695;4.00;5.00;87.00
2696;6.00;3.00;66.00
2697;1.00;8.00;30.00
2698;2.00;5.00;87.00
2699;3.00;7.00;74.00
2700;1.00;4.00;67.00
2701;3.00;8.00;27.00
2702;4.00;2.00;45.00
2703;0.00;9.00;2.00
2704;7.00;7.00;97.00
2705;5.00;11.00;58.00
2706;6.00;11.00;47.00
2707;3.00;10.00;98.00
2708;7.00;2.00;90.00
2709;6.00;4.00;61.00
2710;7.00;1.00;33.00
2711;7.00;1.00;61.00
2712;5.00;5.00;35.00
2713;1.00;6.00;71.00
2714;1.00;6.00;23.00
2715;2.00;11.00;87.00
2716;8.00;10.00;31.00
2717;1.00;4.00;37.00
2718;0.00;12.00;22.00
2719;1.00;2.00;46.00
2720;5.00;11.00;57.00
2721;8.00;0.00;18.00
2722;0.00;0.00;20.00
2723;6.00;8.00;44.00
2724;0.00;5.00;11.00
2725;2.00;11.00;25.00
2726;2.00;8.00;96.00
2727;9.00;1.00;72.00
2728;5.00;6.00;56.00
2729;1.00;6.00;46.00
2730;3.00;6.00;4.00
2731;6.00;0.00;56.00
2732;5.00;4.00;81.00
2733;9.00;10.00;80.00
2734;4.00;7.00;84.00
2735;3.00;11.00;15.00
2736;7.00;7.00;72.00
2737;8.00;12.00;79.00
2738;3.00;3.00;76.00
2739;4.00;5.00;15.00
2740;6.00;3.00;46.00
2741;5.00;4.00;27.00
2742;4.00;12.00;15.00
2743;9.00;6.00;38.00
2744;6.00;3.00;9.00
2745;4.00;4.00;96.00
2746;5.00;9.00;70.00
2747;8.00;1.00;45.00
2748;5.00;3.00;75.00
2749;8.00;9.00;13.00
2750;1.00;3.00;4.00
2751;7.00;3.00;42.00
2752;5.00;8.00;14.00
2753;9.00;11.00;85.00
2754;7.00;5.00;94.00
2755;7.00;6.00;29.00
2756;9.00;10.00;19.00
2757;3.00;9.00;37.00
2758;8.00;1.00;19.00
2759;4.00;4.00;54.00
2760;1.00;5.00;13.00
2761;0.00;5.00;49.00
2762;0.00;3.00;47.00
2763;9.00;1.00;69.00
2764;9.00;2.00;28.00
2765;2.00;1.00;63.00
2766;3.00;1.00;98.00
2767;4.00;9.00;36.00
2768;7.00;3.00;52.00
2769;8.00;11.00;84.00
2770;7.00;6.00;78.00
2771;7.00;6.00;26.00
2772;0.00;12.00;61.00
2773;1.00;8.00;92.00
2774;8.00;9.00;56.00
2775;2.00;4.00;30.00
2776;0.00;11.00;67.00
2777;6.00;5.00;5.00
2778;9.00;12.00;86.00
2779;9.00;6.00;73.00
2780;7.00;4.00;88.00
2781;6.00;2.00;37.00
2782;7.00;0.00;0.00
2783;5.00;10.00;73.00
2784;8.00;3.00;40.00
2785;4.00;1.00;59.00
2786;8.00;7.00;7.00
2787;4.00;6.00;58.00
2788;2.00;11.00;49.00
2789;3.00;12.00;86.00
2790;5.00;1.00;92.00
2791;0.00;2.00;14.00
2792;8.00;9.00;47.00
2793;7.00;6.00;0.00
2794;4.00;7.00;70.00
2795;1.00;4.00;78.00
2796;2.00;9.00;37.00
2797;3.00;10.00;94.00
2798;8.00;3.00;23.00
2799;1.00;4.00;16.00
2800;4.00;8.00;77.00
2801;7.00;2.00;72.00
2802;0.00;9.00;81.00
2803;9.00;7.00;36.00
2804;2.00;6.00;22.00
2805;2.00;11.00;6.00
2806;8.00;10.00;34.00
2807;1.00;1.00;59.00
2808;4.00;2.00;23.00
2809;2.00;0.00;58.00
2810;4.00;6.00;73.00
2811;8.00;11.00;22.00
2812;1.00;10.00;66.00
2813;7.00;11.00;71.00
2814;3.00;12.00;82.00
2815;1.00;5.00;57.00
2816;3.00;9.00;19.00
2817;3.00;10.00;46.00
2818;0.00;12.00;90.00
2819;3.00;2.00;50.00
2820;5.00;6.00;18.00
2821;8.00;10.00;87.00
2822;8.00;5.00;96.00
2823;6.00;8.00;62.00
2824;1.00;12.00;30.00
2825;8.00;11.00;45.00
2826;8.00;2.00;10.00
2827;1.00;11.00;31.00
2828;7.00;5.00;20.00
2829;8.00;7.00;8.00
2830;3.00;2.00;78.00
2831;1.00;5.00;11.00
2832;1.00;6.00;46.00
2833;4.00;3.00;71.00
2834;2.00;4.00;66.00
2835;3.00;12.00;25.00
2836;3.00;7.00;42.00
2837;0.00;7.00;56.00
2838;3.00;7.00;34.00
2839;9.00;6.00;41.00
2840;9.00;1.00;41.00
2841;6.00;0.00;0.00
2842;5.00;8.00;70.00
2843;5.00;5.00;20.00
2844;3.00;12.00;63.00
2845;1.00;11.00;4.00
2846;7.00;10.00;77.00
2847;5.00;6.00;79.00
2848;8.00;6.00;14.00
2849;4.00;9.00;59.00
2850;6.00;10.00;94.00
2851;3.00;1.00;18.00
2852;5.00;3.00;49.00
2853;9.00;1.00;62.00
2854;3.00;6.00;74.00
2855;1.00;3.00;94.00
2856;8.00;7.00;30.00
2857;1.00;0.00;66.00
2858;6.00;0.00;5.00
2859;2.00;11.00;98.00
2860;9.00;10.00;17.00
2861;9.00;11.00;33.00
2862;4.00;9.00;47.00
2863;5.00;3.00;22.00
2864;4.00;5.00;23.00
2865;7.00;7.00;29.00
2866;0.00;10.00;62.00
2867;4.00;9.00;70.00
2868;1.00;8.00;95.00
2869;8.00;7.00;66.00
2870;9.00;0.00;52.00
2871;9.00;3.00;42.00
2872;1.00;0.00;17.00
2873;5.00;4.00;77.00
2874;5.00;12.00;28.00
2875;4.00;7.00;34.00
2876;1.00;6.00;81.00
2877;0.00;4.00;10.00
2878;9.00;12.00;3.00
2879;1.00;5.00;42.00
2880;4.00;4.00;43.00
2881;1.00;5.00;4.00
2882;8.00;1.00;52.00
2883;2.00;2.00;1.00
2884;0.00;10.00;2.00
2885;8.00;6.00;11.00
2886;8.00;8.00;88.00
2887;6.00;12.00;97.00
2888;7.00;12.00;83.00
2889;3.00;5.00;30.00
2890;8.00;12.00;16.00
2891;9.00;3.00;73.00
2892;9.00;2.00;37.00
2893;0.00;9.00;87.00
2894;2.00;4.00;31.00
2895;1.00;7.00;40.00
2896;1.00;5.00;94.00
2897;8.00;12.00;87.00
2898;4.00;6.00;25.00
2899;9.00;12.00;80.00
2900;2.00;4.00;84.00
2901;7.00;9.00;38.00
2902;5.00;0.00;58.00
2903;1.00;2.00;57.00
2904;0.00;4.00;88.00
2905;8.00;9.00;32.00
2906;7.00;8.00;69.00
2907;1.00;10.00;54.00
2908;3.00;3.00;11.00
2909;5.00;10.00;30.00
2910;3.00;11.00;66.00
2911;1.00;12.00;50.00
2912;3.00;2.00;12.00
2913;4.00;4.00;26.00
2914;5.00;5.00;76.00
2915;7.00;12.00;15.00
2916;0.00;6.00;79.00
2917;4.00;0.00;70.00
2918;2.00;12.00;69.00
2919;2.00;7.00;53.00
2920;6.00;4.00;48.00
2921;9.00;6.00;85.00
2922;9.00;12.00;4.00
2923;6.00;9.00;16.00
2924;4.00;0.00;66.00
2925;3.00;5.00;97.00
2926;1.00;4.00;22.00
2927;2.00;9.00;81.00
2928;7.00;10.00;22.00
2929;9.00;10.00;44.00
2930;7.00;1.00;1.00
2931;9.00;8.00;28.00
2932;4.00;8.00;51.00
2933;7.00;11.00;84.00
2934;0.00;12.00;59.00
2935;2.00;9.00;8.00
2936;9.00;0.00;53.00
2937;0.00;3.00;96.00
2938;9.00;11.00;15.00
2939;0.00;1.00;17.00
2940;8.00;10.00;35.00
2941;3.00;5.00;47.00
2942;6.00;3.00;69.00
2943;1.00;2.00;99.00
2944;1.00;0.00;97.00
2945;0.00;1.00;73.00
2946;7.00;11.00;59.00
2947;7.00;8.00;15.00
2948;8.00;3.00;77.00
2949;2.00;10.00;41.00
2950;5.00;10.00;19.00
2951;7.00;5.00;13.00
2952;5.00;3.00;41.00
2953;8.00;8.00;96.00
2954;2.00;10.00;89.00
2955;9.00;0.00;32.00
2956;3.00;4.00;33.00
2957;3.00;5.00;20.00
2958;6.00;12.00;65.00
2959;0.00;2.00;47.00
2960;0.00;5.00;4.00
2961;0.00;2.00;56.00
2962;8.00;6.00;63.00
2963;1.00;3.00;11.00
2964;6.00;5.00;38.00
2965;1.00;10.00;0.00
2966;0.00;10.00;52.00
2967;4.00;12.00;95.00
2968;1.00;8.00;71.00
2969;2.00;0.00;37.00
2970;0.00;3.00;94.00
2971;0.00;3.00;65.00
2972;5.00;0.00;27.00
2973;3.00;0.00;4.00
2974;1.00;1.00;24.00
2975;5.00;9.00;39.00
2976;2.00;5.00;5.00
2977;7.00;0.00;37.00
2978;6.00;4.00;9.00
2979;5.00;2.00;97.00
2980;9.00;2.00;33.00
2981;7.00;8.00;22.00
2982;8.00;8.00;45.00
2983;3.00;2.00;52.00
2984;3.00;0.00;98.00
2985;4.00;6.00;5.00
2986;3.00;3.00;95.00
2987;1.00;4.00;40.00
2988;1.00;11.00;73.00
2989;2.00;9.00;64.00
2990;9.00;4.00;2.00
2991;0.00;12.00;34.00
2992;7.00;11.00;28.00
2993;6.00;11.00;64.00
2994;9.00;4.00;73.00
2995;3.00;2.00;50.00
2996;5.00;6.00;53.00
2997;9.00;4.00;63.00
2998;1.00;5.00;81.00
2999;3.00;3.00;84.00
3000;0.00;2.00;29.00
3001;7.00;11.00;68.00
3002;4.00;8.00;2.00
3003;1.00;9.00;96.00
3004;3.00;2.00;65.00
3005;3.00;3.00;35.00
3006;1.00;2.00;52.00
3007;2.00;1.00;62.00
3008;6.00;9.00;18.00
3009;0.00;0.00;76.00
3010;7.00;0.00;93.00
3011;9.00;3.00;11.00
3012;9.00;0.00;79.00
3013;4.00;4.00;17.00
3014;2.00;2.00;44.00
3015;7.00;1.00;73.00
3016;5.00;0.00;91.00
3017;7.00;9.00;66.00
3018;1.00;1.00;53.00
3019;8.00;8.00;87.00
3020;8.00;12.00;22.00
3021;8.00;0.00;50.00
3022;5.00;11.00;41.00
3023;2.00;1.00;15.00
3024;9.00;12.00;98.00
3025;5.00;5.00;79.00
3026;3.00;8.00;89.00
3027;5.00;0.00;83.00
3028;1.00;8.00;70.00
3029;3.00;6.00;62.00
3030;4.00;0.00;14.00
3031;4.00;4.00;69.00
3032;8.00;2.00;12.00
3033;3.00;0.00;89.00
3034;2.00;5.00;87.00
3035;7.00;5.00;61.00
3036;1.00;11.00;10.00
3037;1.00;3.00;98.00
3038;1.00;8.00;11.00
3039;9.00;5.00;27.00
3040;2.00;1.00;81.00
3041;6.00;1.00;26.00
3042;9.00;9.00;83.00
3043;4.00;2.00;0.00
3044;4.00;0.00;36.00
3045;1.00;0.00;72.00
3046;7.00;3.00;21.00
3047;5.00;4.00;40.00
3048;9.00;3.00;63.00
3049;0.00;7.00;22.00
3050;6.00;3.00;96.00
3051;1.00;10.00;3.00
3052;6.00;11.00;28.00
3053;8.00;4.00;31.00
3054;5.00;10.00;97.00
3055;6.00;4.00;59.00
3056;3.00;10.00;33.00
3057;5.00;2.00;21.00
3058;0.00;3.00;44.00
3059;2.00;12.00;92.00
3060;6.00;1.00;31.00
3061;0.00;10.00;30.00
3062;0.00;0.00;35.00
3063;6.00;1.00;43.00
3064;1.00;11.00;24.00
3065;8.00;2.00;53.00
3066;2.00;9.00;21.00
3067;5.00;7.00;38.00
3068;4.00;4.00;36.00
3069;5.00;10.00;30.00
3070;2.00;11.00;39.00
3071;5.00;0.00;40.00
3072;8.00;2.00;85.00
3073;4.00;11.00;85.00
3074;1.00;0.00;56.00
3075;9.00;2.00;34.00
3076;0.00;1.00;44.00
3077;4.00;5.00;95.00
3078;0.00;7.00;41.00
3079;3.00;5.00;89.00
3080;6.00;8.00;52.00
3081;2.00;5.00;97.00
3082;3.00;4.00;43.00
3083;6.00;10.00;72.00
3084;4.00;2.00;26.00
3085;1.00;9.00;27.00
3086;7.00;6.00;88.00
3087;6.00;1.00;68.00
3088;4.00;1.00;22.00
3089;8.00;3.00;94.00
3090;2.00;11.00;84.00
3091;8.00;7.00;78.00
3092;7.00;11.00;21.00
3093;2.00;12.00;87.00
3094;2.00;3.00;88.00
3095;4.00;0.00;76.00
3096;1.00;1.00;96.00
3097;1.00;3.00;2.00
3098;9.00;4.00;51.00
3099;7.00;9.00;61.00
3100;7.00;4.00;71.00
3101;3.00;7.00;85.00
3102;3.00;4.00;41.00
3103;8.00;1.00;2.00
3104;3.00;9.00;46.00
3105;5.00;11.00;15.00
3106;9.00;3.00;77.00
3107;8.00;11.00;93.00
3108;7.00;12.00;24.00
3109;3.00;8.00;94.00
3110;8.00;1.00;44.00
3111;3.00;8.00;69.00
3112;5.00;9.00;71.00
3113;6.00;0.00;1.00
3114;8.00;12.00;27.00
3115;7.00;3.00;39.00
3116;0.00;7.00;58.00
3117;1.00;9.00;36.00
3118;6.00;4.00;74.00
3119;1.00;8.00;19.00
3120;3.00;8.00;7.00
3121;2.00;10.00;10.00
3122;0.00;12.00;96.00
3123;9.00;7.00;22.00
3124;4.00;1.00;46.00
3125;2.00;12.00;76.00
3126;0.00;10.00;41.00
3127;9.00;11.00;42.00
3128;3.00;9.00;83.00
3129;5.00;5.00;27.00
3130;1.00;10.00;82.00
3131;8.00;0.00;32.00
3132;7.00;1.00;90.00
3133;0.00;0.00;60.00
3134;0.00;6.00;19.00
3135;7.00;1.00;52.00
3136;7.00;11.00;48.00
3137;0.00;0.00;14.00
3138;8.00;11.00;92.00
3139;9.00;1.00;63.00
3140;8.00;9.00;42.00
3141;6.00;12.00;89.00
3142;1.00;10.00;74.00
3143;7.00;11.00;60.00
3144;7.00;2.00;44.00
3145;6.00;3.00;95.00
3146;6.00;7.00;88.00
3147;6.00;12.00;93.00
3148;6.00;6.00;72.00
3149;3.00;2.00;65.00
3150;8.00;8.00;8.00
3151;6.00;12.00;43.00
3152;4.00;4.00;41.00
3153;7.00;2.00;76.00
3154;5.00;1.00;62.00
3155;3.00;6.00;26.00
3156;6.00;10.00;5.00
3157;6.00;2.00;38.00
3158;3.00;11.00;65.00
3159;5.00;0.00;9.00
3160;5.00;6.00;13.00
3161;0.00;8.00;46.00
3162;6.00;10.00;24.00
3163;1.00;8.00;81.00
3164;8.00;6.00;3.00
3165;3.00;3.00;43.00
3166;3.00;5.00;33.00
3167;1.00;10.00;12.00
3168;2.00;2.00;12.00
3169;1.00;10.00;64.00
3170;5.00;9.00;61.00
3171;2.00;5.00;83.00
3172;1.00;7.00;88.00
3173;3.00;3.00;35.00
3174;6.00;8.00;92.00
3175;8.00;0.00;16.00
3176;0.00;1.00;67.00
3177;7.00;8.00;12.00
3178;9.00;10.00;11.00
3179;4.00;0.00;81.00
3180;3.00;7.00;64.00
3181;8.00;7.00;93.00
3182;6.00;8.00;85.00
3183;1.00;10.00;7.00
3184;8.00;8.00;87.00
3185;9.00;3.00;98.00
3186;2.00;0.00;65.00
3187;8.00;10.00;5.00
3188;0.00;4.00;18.00
3189;7.00;5.00;41.00
3190;9.00;9.00;43.00
3191;6.00;10.00;36.00
3192;5.00;3.00;28.00
3193;3.00;8.00;58.00
3194;2.00;6.00;96.00
3195;5.00;0.00;86.00
3196;4.00;12.00;38.00
3197;3.00;7.00;0.00
3198;7.00;8.00;97.00
3199;6.00;9.00;33.00
3200;4.00;7.00;61.00
3201;2.00;0.00;44.00
3202;9.00;2.00;69.00
3203;3.00;2.00;95.00
3204;3.00;4.00;59.00
3205;1.00;2.00;4.00
3206;2.00;12.00;62.00
3207;9.00;3.00;15.00
3208;1.00;7.00;79.00
3209;5.00;1.00;58.00
3210;2.00;5.00;95.00
3211;5.00;9.00;34.00
3212;6.00;9.00;69.00
3213;3.00;4.00;24.00
3214;8.00;8.00;25.00
3215;9.00;4.00;49.00
3216;1.00;0.00;96.00
3217;5.00;11.00;2.00
3218;3.00;3.00;15.00
3219;2.00;12.00;96.00
3220;7.00;6.00;34.00
3221;8.00;3.00;79.00
3222;6.00;1.00;22.00
3223;1.00;7.00;85.00
3224;9.00;4.00;70.00
3225;8.00;5.00;78.00
3226;6.00;5.00;7.00
3227;0.00;11.00;37.00
3228;6.00;12.00;39.00
3229;9.00;12.00;34.00
3230;7.00;9.00;85.00
3231;2.00;6.00;4.00
3232;9.00;6.00;17.00
3233;1.00;3.00;11.00
3234;7.00;2.00;27.00
3235;2.00;2.00;50.00
3236;6.00;2.00;80.00
3237;9.00;4.00;98.00
3238;9.00;3.00;1.00
3239;1.00;9.00;9.00
3240;4.00;0.00;63.00
3241;5.00;3.00;88.00
3242;6.00;1.00;5.00
3243;8.00;6.00;25.00
3244;0.00;3.00;71.00
3245;5.00;2.00;51.00
3246;0.00;3.00;57.00
3247;6.00;12.00;92.00
3248;9.00;1.00;31.00
3249;4.00;1.00;48.00
3250;8.00;10.00;96.00
3251;8.00;11.00;22.00
3252;1.00;11.00;33.00
3253;4.00;2.00;73.00
3254;2.00;12.00;41.00
3255;4.00;9.00;92.00
3256;7.00;10.00;87.00
3257;4.00;4.00;0.00
3258;5.00;2.00;34.00
3259;9.00;10.00;43.00
3260;7.00;3.00;23.00
3261;5.00;1.00;50.00
3262;4.00;12.00;78.00
3263;5.00;4.00;17.00
3264;4.00;5.00;93.00
3265;6.00;1.00;36.00
3266;7.00;5.00;20.00
3267;7.00;3.00;36.00
3268;2.00;0.00;37.00
3269;5.00;3.00;97.00
3270;1.00;1.00;73.00
3271;8.00;8.00;82.00
3272;0.00;4.00;8.00
3273;7.00;10.00;58.00
3274;6.00;7.00;26.00
3275;9.00;5.00;47.00
3276;9.00;7.00;64.00
3277;2.00;4.00;7.00
3278;1.00;12.00;93.00
3279;2.00;9.00;65.00
3280;5.00;11.00;67.00
3281;5.00;5.00;85.00
3282;0.00;10.00;26.00
3283;5.00;6.00;80.00
3284;6.00;8.00;78.00
3285;9.00;6.00;94.00
3286;8.00;9.00;9.00
3287;7.00;0.00;52.00
3288;0.00;4.00;87.00
3289;5.00;4.00;68.00
3290;9.00;11.00;60.00
3291;1.00;2.00;59.00
3292;6.00;10.00;41.00
3293;5.00;0.00;19.00
3294;0.00;3.00;86.00
3295;8.00;1.00;51.00
3296;0.00;8.00;22.00
3297;7.00;5.00;79.00
3298;3.00;10.00;59.00
3299;1.00;3.00;59.00
3300;1.00;12.00;37.00
3301;1.00;9.00;71.00
3302;6.00;0.00;16.00
3303;1.00;7.00;4.00
3304;7.00;4.00;70.00
3305;4.00;1.00;7.00
3306;3.00;6.00;82.00
3307;7.00;5.00;6.00
3308;1.00;8.00;96.00
3309;9.00;5.00;34.00
3310;0.00;10.00;24.00
3311;1.00;4.00;32.00
3312;9.00;9.00;32.00
3313;4.00;8.00;8.00
3314;6.00;3.00;52.00
3315;3.00;3.00;34.00
3316;4.00;10.00;81.00
3317;3.00;10.00;77.00
3318;0.00;9.00;69.00
3319;1.00;3.00;83.00
3320;1.00;7.00;4.00
3321;4.00;9.00;22.00
3322;9.00;10.00;23.00
3323;2.00;3.00;6.00
3324;1.00;12.00;82.00
3325;8.00;10.00;49.00
3326;8.00;2.00;46.00
3327;0.00;4.00;67.00
3328;9.00;11.00;97.00
3329;2.00;9.00;79.00
3330;4.00;4.00;72.00
3331;7.00;11.00;29.00
3332;1.00;11.00;35.00
3333;6.00;12.00;23.00
3334;2.00;0.00;5.00
3335;6.00;4.00;22.00
3336;9.00;1.00;5.00
3337;3.00;3.00;90.00
3338;1.00;9.00;79.00
3339;5.00;3.00;71.00
3340;2.00;3.00;44.00
3341;9.00;6.00;24.00
3342;0.00;6.00;66.00
3343;8.00;2.00;4.00
3344;7.00;7.00;99.00
3345;0.00;5.00;37.00
3346;2.00;6.00;35.00
3347;7.00;7.00;76.00
3348;4.00;1.00;4.00
3349;6.00;11.00;27.00
3350;2.00;11.00;27.00
3351;5.00;3.00;38.00
3352;5.00;2.00;68.00
3353;0.00;9.00;44.00
3354;5.00;4.00;20.00
3355;2.00;10.00;34.00
3356;6.00;12.00;36.00
3357;5.00;3.00;92.00
3358;1.00;9.00;66.00
3359;7.00;8.00;24.00
3360;7.00;5.00;97.00
3361;2.00;10.00;51.00
3362;6.00;6.00;14.00
3363;7.00;11.00;63.00
3364;2.00;7.00;25.00
3365;7.00;4.00;57.00
3366;5.00;11.00;43.00
3367;0.00;3.00;76.00
3368;7.00;7.00;57.00
3369;0.00;9.00;9.00
3370;7.00;11.00;84.00
3371;7.00;6.00;67.00
3372;9.00;2.00;53.00
3373;8.00;4.00;93.00
3374;2.00;8.00;48.00
3375;7.00;2.00;59.00
3376;0.00;0.00;79.00
3377;0.00;3.00;83.00
3378;8.00;12.00;38.00
3379;8.00;3.00;60.00
3380;7.00;1.00;52.00
3381;9.00;9.00;13.00
3382;4.00;2.00;96.00
3383;8.00;12.00;98.00
3384;0.00;9.00;24.00
3385;7.00;10.00;33.00
3386;9.00;1.00;5.00
3387;9.00;7.00;55.00
3388;2.00;10.00;28.00
3389;7.00;11.00;17.00
3390;3.00;7.00;16.00
3391;6.00;5.00;93.00
3392;0.00;0.00;6.00
3393;9.00;5.00;45.00
3394;8.00;6.00;45.00
3395;2.00;5.00;9.00
3396;8.00;10.00;29.00
3397;6.00;9.00;58.00
3398;2.00;8.00;34.00
3399;6.00;10.00;33.00
3400;6.00;8.00;64.00
3401;5.00;7.00;53.00
3402;8.00;10.00;69.00
3403;0.00;4.00;66.00
3404;5.00;12.00;34.00
3405;9.00;9.00;27.00
3406;8.00;3.00;92.00
3407;7.00;7.00;56.00
3408;6.00;2.00;48.00
3409;4.00;9.00;67.00
3410;2.00;9.00;48.00
3411;6.00;3.00;46.00
3412;6.00;8.00;63.00
3413;5.00;2.00;62.00
3414;3.00;9.00;42.00
3415;4.00;12.00;51.00
3416;7.00;8.00;59.00
3417;3.00;11.00;47.00
3418;5.00;11.00;25.00
3419;3.00;7.00;54.00
3420;8.00;6.00;93.00
3421;3.00;2.00;84.00
3422;6.00;2.00;91.00
3423;2.00;11.00;2.00
3424;5.00;1.00;34.00
3425;5.00;9.00;18.00
3426;7.00;8.00;55.00
3427;2.00;11.00;13.00
3428;8.00;10.00;6.00
3429;3.00;1.00;91.00
3430;3.00;0.00;43.00
3431;2.00;2.00;29.00
3432;1.00;0.00;29.00
3433;5.00;12.00;4.00
3434;1.00;12.00;57.00
3435;0.00;5.00;10.00
3436;9.00;0.00;40.00
3437;3.00;11.00;82.00
3438;4.00;6.00;82.00
3439;0.00;5.00;2.00
3440;1.00;2.00;15.00
3441;4.00;2.00;67.00
3442;3.00;7.00;29.00
3443;8.00;4.00;77.00
3444;7.00;2.00;15.00
3445;8.00;12.00;60.00
3446;5.00;7.00;11.00
3447;1.00;4.00;97.00
3448;1.00;11.00;4.00
3449;6.00;6.00;82.00
3450;9.00;5.00;24.00
3451;8.00;11.00;96.00
3452;8.00;3.00;45.00
3453;8.00;6.00;72.00
3454;3.00;12.00;20.00
3455;5.00;6.00;22.00
3456;7.00;5.00;22.00
3457;8.00;0.00;53.00
3458;4.00;5.00;64.00
3459;2.00;4.00;42.00
3460;9.00;2.00;45.00
3461;5.00;5.00;94.00
3462;3.00;3.00;65.00
3463;2.00;1.00;21.00
3464;7.00;12.00;14.00
3465;2.00;8.00;10.00
3466;5.00;5.00;97.00
3467;6.00;2.00;76.00
3468;8.00;6.00;10.00
3469;2.00;7.00;74.00
3470;4.00;12.00;10.00
3471;1.00;6.00;55.00
3472;0.00;9.00;39.00
3473;3.00;2.00;41.00
3474;8.00;11.00;7.00
3475;2.00;6.00;33.00
3476;0.00;4.00;23.00
3477;1.00;12.00;95.00
3478;3.00;6.00;77.00
3479;3.00;4.00;86.00
3480;2.00;9.00;73.00
3481;6.00;1.00;35.00
3482;0.00;1.00;14.00
3483;2.00;11.00;98.00
3484;1.00;2.00;16.00
3485;2.00;8.00;1.00
3486;5.00;12.00;62.00
3487;4.00;3.00;16.00
3488;6.00;0.00;57.00
3489;9.00;10.00;19.00
3490;5.00;0.00;62.00
3491;8.00;0.00;77.00
3492;1.00;10.00;68.00
3493;5.00;6.00;51.00
3494;5.00;1.00;3.00
3495;8.00;1.00;21.00
3496;9.00;12.00;22.00
3497;0.00;1.00;7.00
3498;3.00;0.00;74.00
3499;3.00;7.00;73.00
3500;1.00;3.00;6.00
3501;9.00;12.00;53.00
3502;9.00;8.00;87.00
3503;5.00;7.00;20.00
3504;6.00;2.00;86.00
3505;1.00;8.00;43.00
3506;6.00;6.00;20.00
3507;0.00;5.00;1.00
3508;6.00;1.00;26.00
3509;9.00;2.00;99.00
3510;4.00;6.00;27.00
3511;3.00;12.00;78.00
3512;9.00;7.00;43.00
3513;9.00;7.00;85.00
3514;3.00;10.00;3.00
3515;7.00;10.00;52.00
3516;6.00;3.00;86.00
3517;2.00;3.00;96.00
3518;8.00;8.00;11.00
3519;5.00;2.00;15.00
3520;9.00;2.00;96.00
3521;8.00;5.00;49.00
3522;8.00;4.00;45.00
3523;6.00;6.00;3.00
3524;2.00;9.00;92.00
3525;8.00;0.00;76.00
3526;8.00;4.00;95.00
3527;1.00;10.00;76.00
3528;1.00;2.00;43.00
3529;8.00;6.00;98.00
3530;2.00;7.00;43.00
3531;1.00;0.00;70.00
3532;8.00;5.00;52.00
3533;7.00;2.00;70.00
3534;7.00;6.00;64.00
3535;8.00;10.00;50.00
3536;3.00;6.00;53.00
3537;9.00;4.00;49.00
3538;2.00;3.00;93.00
3539;4.00;3.00;55.00
3540;3.00;10.00;37.00
3541;9.00;10.00;26.00
3542;7.00;12.00;77.00
3543;7.00;0.00;57.00
3544;3.00;10.00;50.00
3545;5.00;2.00;86.00
3546;1.00;3.00;71.00
3547;0.00;2.00;51.00
3548;9.00;1.00;59.00
3549;8.00;4.00;8.00
3550;6.00;7.00;98.00
3551;4.00;8.00;65.00
3552;3.00;0.00;97.00
3553;6.00;4.00;63.00
3554;3.00;1.00;54.00
3555;2.00;4.00;66.00
3556;8.00;10.00;51.00
3557;1.00;7.00;51.00
3558;0.00;10.00;19.00
3559;2.00;12.00;41.00
3560;5.00;9.00;36.00
3561;2.00;0.00;59.00
3562;2.00;1.00;74.00
3563;0.00;0.00;73.00
3564;0.00;8.00;37.00
3565;7.00;5.00;34.00
3566;1.00;4.00;5.00
3567;9.00;4.00;75.00
3568;7.00;0.00;7.00
3569;6.00;2.00;88.00
3570;3.00;0.00;92.00
3571;8.00;4.00;0.00
3572;3.00;1.00;78.00
3573;4.00;11.00;31.00
3574;2.00;9.00;14.00
3575;4.00;7.00;52.00
3576;8.00;7.00;13.00
3577;6.00;8.00;81.00
3578;9.00;1.00;25.00
3579;5.00;9.00;57.00
3580;6.00;5.00;41.00
3581;5.00;9.00;8.00
3582;6.00;3.00;75.00
3583;6.00;9.00;73.00
3584;4.00;3.00;59.00
3585;9.00;0.00;66.00
3586;5.00;3.00;20.00
3587;9.00;7.00;94.00
3588;8.00;10.00;64.00
3589;8.00;6.00;49.00
3590;3.00;11.00;37.00
3591;5.00;3.00;24.00
3592;3.00;3.00;0.00
3593;7.00;9.00;84.00
3594;2.00;1.00;97.00
3595;5.00;9.00;64.00
3596;5.00;6.00;55.00
3597;4.00;9.00;45.00
3598;5.00;1.00;9.00
3599;0.00;0.00;34.00
3600;6.00;7.00;78.00
3601;5.00;6.00;22.00
3602;3.00;2.00;52.00
3603;6.00;3.00;77.00
3604;4.00;3.00;78.00
3605;4.00;7.00;20.00
3606;9.00;2.00;92.00
3607;4.00;0.00;76.00
3608;0.00;4.00;57.00
3609;7.00;0.00;86.00
3610;8.00;1.00;15.00
3611;5.00;8.00;47.00
3612;7.00;10.00;46.00
3613;5.00;1.00;43.00
3614;2.00;6.00;1.00
3615;2.00;10.00;94.00
3616;1.00;5.00;46.00
3617;8.00;3.00;86.00
3618;5.00;3.00;80.00
3619;4.00;0.00;91.00
3620;5.00;7.00;3.00
3621;3.00;2.00;47.00
3622;3.00;11.00;14.00
3623;2.00;12.00;81.00
3624;9.00;6.00;2.00
3625;8.00;8.00;31.00
3626;3.00;5.00;22.00
3627;6.00;10.00;37.00
3628;1.00;8.00;84.00
3629;3.00;9.00;96.00
3630;8.00;4.00;99.00
3631;1.00;7.00;65.00
3632;6.00;8.00;11.00
3633;7.00;5.00;3.00
3634;4.00;1.00;31.00
3635;6.00;8.00;67.00
3636;7.00;7.00;57.00
3637;0.00;7.00;37.00
3638;3.00;2.00;77.00
3639;1.00;0.00;12.00
3640;6.00;11.00;72.00
3641;6.00;8.00;60.00
3642;1.00;1.00;46.00
3643;0.00;12.00;21.00
3644;8.00;11.00;30.00
3645;0.00;3.00;1.00
3646;1.00;2.00;31.00
3647;3.00;6.00;14.00
3648;7.00;11.00;17.00
3649;7.00;3.00;14.00
3650;3.00;2.00;67.00
3651;8.00;2.00;20.00
3652;1.00;11.00;65.00
3653;8.00;8.00;83.00
3654;8.00;6.00;44.00
3655;4.00;3.00;33.00
3656;9.00;12.00;44.00
3657;3.00;1.00;46.00
3658;7.00;6.00;93.00
3659;1.00;1.00;61.00
3660;0.00;8.00;21.00
3661;8.00;3.00;59.00
3662;5.00;3.00;11.00
3663;0.00;8.00;39.00
3664;1.00;8.00;16.00
3665;8.00;0.00;75.00
3666;9.00;2.00;67.00
3667;4.00;1.00;33.00
3668;4.00;1.00;22.00
3669;1.00;4.00;23.00
3670;6.00;11.00;24.00
3671;9.00;1.00;15.00
3672;7.00;9.00;97.00
3673;8.00;10.00;72.00
3674;2.00;9.00;0.00
3675;6.00;0.00;81.00
3676;6.00;2.00;12.00
3677;1.00;11.00;96.00
3678;1.00;5.00;57.00
3679;7.00;0.00;59.00
3680;3.00;5.00;40.00
3681;4.00;0.00;5.00
3682;6.00;5.00;63.00
3683;2.00;1.00;70.00
3684;5.00;5.00;89.00
3685;6.00;0.00;67.00
3686;9.00;1.00;13.00
3687;7.00;1.00;70.00
3688;7.00;8.00;5.00
3689;0.00;1.00;37.00
3690;2.00;3.00;40.00
3691;9.00;11.00;37.00
3692;8.00;9.00;50.00
3693;3.00;7.00;80.00
3694;7.00;5.00;46.00
3695;9.00;10.00;0.00
3696;3.00;8.00;91.00
3697;7.00;10.00;86.00
3698;8.00;2.00;63.00
3699;0.00;7.00;12.00
3700;5.00;7.00;50.00
3701;4.00;3.00;72.00
3702;3.00;3.00;18.00
3703;5.00;8.00;81.00
3704;4.00;5.00;9.00
3705;4.00;0.00;79.00
3706;7.00;2.00;45.00
3707;6.00;6.00;93.00
3708;5.00;9.00;26.00
3709;9.00;3.00;42.00
3710;0.00;0.00;4.00
3711;6.00;7.00;91.00
3712;4.00;4.00;95.00
3713;3.00;1.00;14.00
3714;6.00;12.00;12.00
3715;5.00;5.00;59.00
3716;7.00;10.00;42.00
3717;6.00;3.00;67.00
3718;3.00;10.00;17.00
3719;1.00;9.00;79.00
3720;4.00;5.00;48.00
3721;5.00;12.00;53.00
3722;6.00;8.00;72.00
3723;9.00;12.00;38.00
3724;2.00;2.00;40.00
3725;4.00;9.00;66.00
3726;3.00;5.00;76.00
3727;9.00;10.00;34.00
3728;0.00;5.00;63.00
3729;4.00;4.00;47.00
3730;4.00;9.00;98.00
3731;9.00;11.00;74.00
3732;8.00;0.00;30.00
3733;1.00;3.00;86.00
3734;6.00;6.00;32.00
3735;5.00;0.00;22.00
3736;8.00;0.00;65.00
3737;2.00;6.00;75.00
3738;9.00;2.00;48.00
3739;3.00;0.00;96.00
3740;8.00;1.00;4.00
3741;7.00;1.00;73.00
3742;6.00;1.00;15.00
3743;3.00;5.00;44.00
3744;6.00;6.00;94.00
3745;7.00;1.00;81.00
3746;9.00;5.00;43.00
3747;1.00;3.00;43.00
3748;6.00;12.00;85.00
3749;3.00;12.00;21.00
3750;2.00;1.00;34.00
3751;5.00;5.00;87.00
3752;3.00;2.00;29.00
3753;6.00;4.00;93.00
3754;8.00;6.00;19.00
3755;3.00;12.00;99.00
3756;8.00;1.00;15.00
3757;4.00;2.00;52.00
3758;2.00;6.00;87.00
3759;8.00;1.00;36.00
3760;9.00;0.00;88.00
3761;4.00;12.00;73.00
3762;7.00;9.00;90.00
3763;9.00;4.00;63.00
3764;0.00;4.00;28.00
3765;5.00;1.00;28.00
3766;9.00;8.00;54.00
3767;7.00;8.00;95.00
3768;0.00;10.00;58.00
3769;8.00;9.00;17.00
3770;5.00;6.00;69.00
3771;1.00;4.00;60.00
3772;8.00;2.00;95.00
3773;2.00;4.00;23.00
3774;7.00;6.00;4.00
3775;5.00;3.00;48.00
3776;8.00;6.00;58.00
3777;0.00;6.00;87.00
3778;2.00;2.00;30.00
3779;8.00;8.00;36.00
3780;6.00;8.00;4.00
3781;7.00;9.00;45.00
3782;0.00;10.00;43.00
3783;0.00;4.00;72.00
3784;9.00;11.00;38.00
3785;9.00;8.00;22.00
3786;0.00;2.00;18.00
3787;8.00;3.00;98.00
3788;5.00;7.00;34.00
3789;1.00;10.00;49.00
3790;5.00;9.00;31.00
3791;5.00;7.00;87.00
3792;6.00;6.00;23.00
3793;0.00;2.00;21.00
3794;1.00;3.00;16.00
3795;1.00;5.00;28.00
3796;2.00;0.00;19.00
3797;1.00;0.00;91.00
3798;3.00;10.00;46.00
3799;4.00;1.00;6.00
3800;2.00;11.00;25.00
3801;1.00;10.00;71.00
3802;8.00;2.00;5.00
3803;7.00;4.00;31.00
3804;0.00;2.00;71.00
3805;8.00;10.00;55.00
3806;6.00;10.00;80.00
3807;2.00;8.00;4.00
3808;3.00;8.00;82.00
3809;1.00;12.00;48.00
3810;2.00;0.00;36.00
3811;3.00;10.00;22.00
3812;4.00;12.00;1.00
3813;9.00;5.00;38.00
3814;3.00;9.00;31.00
3815;2.00;6.00;5.00
3816;0.00;3.00;58.00
3817;4.00;2.00;66.00
3818;6.00;12.00;17.00
3819;5.00;10.00;20.00
3820;6.00;4.00;74.00
3821;7.00;4.00;54.00
3822;4.00;12.00;26.00
3823;7.00;2.00;39.00
3824;0.00;12.00;62.00
3825;2.00;10.00;89.00
3826;5.00;9.00;98.00
3827;3.00;10.00;21.00
3828;4.00;9.00;39.00
3829;5.00;12.00;26.00
3830;4.00;3.00;54.00
3831;4.00;7.00;25.00
3832;6.00;11.00;97.00
3833;4.00;3.00;1.00
3834;6.00;5.00;22.00
3835;5.00;10.00;31.00
3836;7.00;1.00;42.00
3837;8.00;0.00;51.00
3838;3.00;3.00;23.00
3839;7.00;12.00;78.00
3840;4.00;10.00;1.00
3841;4.00;3.00;97.00
3842;1.00;3.00;94.00
3843;2.00;6.00;73.00
3844;8.00;3.00;41.00
3845;0.00;4.00;67.00
3846;5.00;2.00;33.00
3847;4.00;12.00;95.00
3848;0.00;8.00;96.00
3849;8.00;0.00;47.00
3850;6.00;8.00;92.00
3851;3.00;12.00;22.00
3852;0.00;7.00;8.00
3853;1.00;8.00;21.00
3854;5.00;8.00;46.00
3855;6.00;2.00;70.00
3856;9.00;1.00;76.00
3857;5.00;12.00;43.00
3858;2.00;12.00;91.00
3859;0.00;9.00;26.00
3860;9.00;3.00;76.00
3861;2.00;0.00;73.00
3862;5.00;11.00;60.00
3863;3.00;5.00;40.00
3864;5.00;8.00;20.00
3865;6.00;0.00;82.00
3866;5.00;4.00;62.00
3867;9.00;11.00;22.00
3868;8.00;3.00;63.00
3869;0.00;5.00;19.00
3870;2.00;10.00;24.00
3871;6.00;5.00;8.00
3872;0.00;9.00;90.00
3873;5.00;0.00;57.00
3874;1.00;1.00;68.00
3875;8.00;9.00;42.00
3876;9.00;11.00;77.00
3877;1.00;7.00;37.00
3878;7.00;6.00;55.00
3879;7.00;12.00;67.00
3880;0.00;3.00;24.00
3881;4.00;7.00;75.00
3882;4.00;10.00;91.00
3883;3.00;4.00;0.00
3884;3.00;1.00;43.00
3885;4.00;9.00;60.00
3886;4.00;3.00;91.00
3887;5.00;9.00;27.00
3888;6.00;9.00;51.00
3889;3.00;7.00;19.00
3890;3.00;2.00;89.00
3891;1.00;5.00;79.00
3892;2.00;2.00;96.00
3893;3.00;5.00;82.00
3894;3.00;9.00;78.00
3895;6.00;3.00;7.00
3896;3.00;3.00;56.00
3897;0.00;11.00;1.00
3898;9.00;3.00;25.00
3899;4.00;0.00;98.00
3900;4.00;2.00;80.00
3901;1.00;9.00;22.00
3902;4.00;9.00;48.00
3903;1.00;7.00;38.00
3904;9.00;8.00;11.00
3905;3.00;8.00;64.00
3906;8.00;4.00;6.00
3907;2.00;9.00;29.00
3908;2.00;6.00;38.00
3909;8.00;2.00;25.00
3910;2.00;5.00;86.00
3911;0.00;0.00;36.00
3912;8.00;2.00;49.00
3913;7.00;5.00;56.00
3914;2.00;12.00;44.00
3915;9.00;11.00;92.00
3916;8.00;0.00;13.00
3917;0.00;9.00;69.00
3918;0.00;4.00;98.00
3919;8.00;8.00;12.00
3920;4.00;11.00;88.00
3921;1.00;12.00;84.00
3922;6.00;10.00;42.00
3923;1.00;12.00;13.00
3924;8.00;3.00;93.00
3925;4.00;3.00;40.00
3926;9.00;10.00;37.00
3927;2.00;11.00;81.00
3928;2.00;12.00;6.00
3929;9.00;4.00;60.00
3930;2.00;9.00;60.00
3931;2.00;12.00;14.00
3932;6.00;10.00;45.00
3933;7.00;7.00;98.00
3934;6.00;3.00;83.00
3935;1.00;7.00;69.00
3936;4.00;1.00;79.00
3937;0.00;7.00;25.00
3938;6.00;9.00;23.00
3939;5.00;8.00;16.00
3940;1.00;8.00;45.00
3941;3.00;0.00;64.00
3942;7.00;3.00;63.00
3943;3.00;1.00;97.00
3944;3.00;1.00;1.00
3945;8.00;0.00;94.00
3946;7.00;0.00;38.00
3947;6.00;0.00;19.00
3948;7.00;10.00;41.00
3949;8.00;10.00;4.00
3950;1.00;11.00;21.00
3951;2.00;10.00;78.00
3952;1.00;11.00;79.00
3953;8.00;4.00;75.00
3954;8.00;1.00;1.00
3955;7.00;3.00;80.00
3956;5.00;4.00;2.00
3957;9.00;5.00;95.00
3958;2.00;2.00;90.00
3959;5.00;12.00;70.00
3960;1.00;5.00;88.00
3961;2.00;12.00;54.00
3962;2.00;3.00;31.00
3963;0.00;7.00;66.00
3964;7.00;2.00;18.00
3965;1.00;2.00;45.00
3966;1.00;3.00;14.00
3967;4.00;10.00;11.00
3968;5.00;12.00;70.00
3969;7.00;12.00;6.00
3970;3.00;3.00;65.00
3971;9.00;4.00;41.00
3972;5.00;5.00;6.00
3973;0.00;12.00;49.00
3974;4.00;8.00;3.00
3975;4.00;1.00;90.00
3976;5.00;10.00;5.00
3977;5.00;5.00;6.00
3978;8.00;4.00;61.00
3979;6.00;10.00;60.00
3980;7.00;10.00;83.00
3981;1.00;8.00;58.00
3982;7.00;9.00;40.00
3983;9.00;0.00;34.00
3984;4.00;4.00;67.00
3985;4.00;4.00;45.00
3986;6.00;0.00;46.00
3987;9.00;0.00;13.00
3988;6.00;8.00;94.00
3989;2.00;3.00;85.00
3990;3.00;4.00;87.00
3991;6.00;12.00;57.00
3992;5.00;12.00;30.00
3993;0.00;4.00;38.00
3994;5.00;2.00;99.00
3995;6.00;12.00;57.00
3996;1.00;6.00;8.00
3997;9.00;0.00;61.00
3998;1.00;9.00;19.00
3999;5.00;3.00;88.00
4000;6.00;5.00;45.00
4001;9.00;10.00;23.00
4002;6.00;4.00;18.00
4003;7.00;11.00;34.00
4004;0.00;9.00;74.00
4005;6.00;7.00;50.00
4006;5.00;12.00;74.00
4007;3.00;7.00;9.00
4008;6.00;1.00;47.00
4009;3.00;11.00;63.00
4010;9.00;3.00;62.00
4011;4.00;1.00;47.00
4012;6.00;5.00;96.00
4013;3.00;7.00;16.00
4014;6.00;10.00;72.00
4015;4.00;9.00;14.00
4016;7.00;5.00;39.00
4017;2.00;6.00;81.00
4018;1.00;10.00;2.00
4019;9.00;11.00;24.00
4020;8.00;12.00;61.00
4021;9.00;9.00;59.00
4022;7.00;5.00;69.00
4023;7.00;4.00;10.00
4024;2.00;9.00;61.00
4025;2.00;4.00;88.00
4026;3.00;9.00;13.00
4027;4.00;2.00;5.00
4028;8.00;1.00;12.00
4029;5.00;12.00;12.00
4030;0.00;10.00;11.00
4031;4.00;10.00;9.00
4032;5.00;9.00;96.00
4033;2.00;6.00;8.00
4034;8.00;3.00;97.00
4035;4.00;0.00;10.00
4036;1.00;4.00;33.00
4037;2.00;6.00;49.00
4038;9.00;11.00;94.00
4039;7.00;9.00;10.00
4040;9.00;11.00;7.00
4041;1.00;7.00;69.00
4042;8.00;6.00;7.00
4043;5.00;12.00;92.00
4044;4.00;3.00;74.00
4045;0.00;9.00;79.00
4046;2.00;9.00;63.00
4047;0.00;9.00;1.00
4048;7.00;5.00;10.00
4049;2.00;10.00;14.00
4050;8.00;0.00;66.00
4051;4.00;5.00;43.00
4052;3.00;6.00;27.00
4053;9.00;11.00;65.00
4054;6.00;12.00;81.00
4055;7.00;3.00;25.00
4056;4.00;6.00;69.00
4057;1.00;9.00;72.00
4058;4.00;1.00;93.00
4059;3.00;3.00;20.00
4060;3.00;2.00;25.00
4061;5.00;12.00;7.00
4062;6.00;8.00;86.00
4063;3.00;0.00;46.00
4064;6.00;4.00;61.00
4065;8.00;10.00;92.00
4066;5.00;0.00;6.00
4067;9.00;3.00;49.00
4068;6.00;11.00;71.00
4069;1.00;7.00;69.00
4070;3.00;1.00;22.00
4071;5.00;3.00;87.00
4072;1.00;11.00;61.00
4073;5.00;1.00;22.00
4074;9.00;8.00;43.00
4075;4.00;5.00;9.00
4076;0.00;0.00;44.00
4077;1.00;5.00;77.00
4078;9.00;3.00;47.00
4079;2.00;0.00;14.00
4080;6.00;2.00;5.00
4081;1.00;4.00;3.00
4082;1.00;4.00;92.00
4083;6.00;5.00;99.00
4084;5.00;7.00;71.00
4085;9.00;5.00;5.00
4086;5.00;5.00;80.00
4087;9.00;4.00;49.00
4088;3.00;2.00;47.00
4089;0.00;7.00;87.00
4090;1.00;4.00;0.00
4091;9.00;11.00;53.00
4092;5.00;5.00;32.00
4093;3.00;8.00;3.00
4094;1.00;2.00;60.00
4095;3.00;5.00;4.00
4096;9.00;8.00;62.00
4097;0.00;0.00;93.00
4098;9.00;6.00;56.00
4099;7.00;10.00;88.00
4100;4.00;11.00;80.00
4101;5.00;8.00;49.00
4102;3.00;0.00;8.00
4103;4.00;3.00;0.00
4104;5.00;4.00;84.00
4105;0.00;9.00;53.00
4106;1.00;0.00;56.00
4107;3.00;5.00;20.00
4108;5.00;4.00;38.00
4109;6.00;8.00;83.00
4110;7.00;5.00;71.00
4111;1.00;9.00;2.00
4112;0.00;1.00;54.00
4113;8.00;7.00;69.00
4114;3.00;6.00;84.00
4115;5.00;4.00;88.00
4116;6.00;7.00;29.00
4117;0.00;5.00;77.00
4118;9.00;2.00;91.00
4119;9.00;11.00;98.00
4120;0.00;7.00;65.00
4121;8.00;10.00;74.00
4122;7.00;10.00;60.00
4123;5.00;0.00;13.00
4124;5.00;9.00;1.00
4125;5.00;3.00;98.00
4126;0.00;4.00;59.00
4127;8.00;5.00;74.00
4128;8.00;1.00;22.00
4129;2.00;1.00;58.00
4130;5.00;5.00;41.00
4131;4.00;2.00;86.00
4132;2.00;3.00;39.00
4133;8.00;4.00;19.00
4134;1.00;7.00;66.00
4135;7.00;10.00;85.00
4136;9.00;11.00;27.00
4137;4.00;12.00;96.00
4138;8.00;0.00;10.00
4139;5.00;12.00;99.00
4140;9.00;11.00;21.00
4141;2.00;10.00;51.00
4142;5.00;6.00;87.00
4143;4.00;0.00;43.00
4144;2.00;11.00;71.00
4145;2.00;10.00;94.00
4146;4.00;3.00;59.00
4147;9.00;12.00;55.00
4148;4.00;11.00;41.00
4149;7.00;10.00;37.00
4150;4.00;4.00;18.00
4151;6.00;11.00;37.00
4152;6.00;7.00;61.00
4153;7.00;9.00;95.00
4154;2.00;2.00;87.00
4155;0.00;10.00;52.00
4156;4.00;4.00;6.00
4157;8.00;9.00;99.00
4158;6.00;5.00;72.00
4159;1.00;5.00;6.00
4160;4.00;5.00;36.00
4161;0.00;5.00;37.00
4162;2.00;2.00;90.00
4163;9.00;7.00;34.00
4164;4.00;0.00;87.00
4165;1.00;10.00;0.00
4166;4.00;3.00;84.00
4167;5.00;10.00;75.00
4168;0.00;1.00;53.00
4169;1.00;4.00;43.00
4170;6.00;6.00;13.00
4171;1.00;4.00;54.00
4172;4.00;6.00;21.00
4173;0.00;0.00;59.00
4174;7.00;6.00;38.00
4175;0.00;2.00;23.00
4176;8.00;7.00;46.00
4177;6.00;11.00;35.00
4178;9.00;12.00;15.00
4179;7.00;1.00;75.00
4180;1.00;11.00;0.00
4181;4.00;1.00;4.00
4182;7.00;8.00;1.00
4183;3.00;4.00;51.00
4184;6.00;6.00;36.00
4185;6.00;4.00;35.00
4186;0.00;4.00;27.00
4187;9.00;6.00;8.00
4188;8.00;4.00;80.00
4189;2.00;1.00;24.00
4190;0.00;11.00;83.00
4191;1.00;3.00;46.00
4192;0.00;11.00;46.00
4193;5.00;10.00;42.00
4194;4.00;10.00;75.00
4195;7.00;9.00;76.00
4196;2.00;9.00;60.00
4197;8.00;2.00;23.00
4198;9.00;10.00;3.00
4199;6.00;4.00;53.00
4200;7.00;2.00;36.00
4201;6.00;8.00;79.00
4202;8.00;9.00;93.00
4203;3.00;11.00;99.00
4204;1.00;3.00;93.00
4205;1.00;8.00;9.00
4206;0.00;4.00;82.00
4207;8.00;4.00;48.00
4208;3.00;9.00;44.00
4209;9.00;5.00;66.00
4210;2.00;1.00;21.00
4211;1.00;12.00;37.00
4212;0.00;3.00;26.00
4213;5.00;5.00;41.00
4214;0.00;7.00;84.00
4215;7.00;11.00;95.00
4216;0.00;8.00;13.00
4217;6.00;2.00;27.00
4218;4.00;8.00;34.00
4219;4.00;12.00;41.00
4220;6.00;6.00;80.00
4221;5.00;1.00;87.00
4222;6.00;5.00;71.00
4223;7.00;12.00;91.00
4224;8.00;11.00;58.00
4225;0.00;6.00;41.00
4226;1.00;4.00;67.00
4227;9.00;6.00;12.00
4228;9.00;3.00;85.00
4229;1.00;1.00;83.00
4230;5.00;1.00;18.00
4231;0.00;7.00;10.00
4232;5.00;0.00;42.00
4233;9.00;12.00;17.00
4234;9.00;9.00;72.00
4235;6.00;0.00;21.00
4236;4.00;5.00;16.00
4237;8.00;4.00;98.00
4238;7.00;10.00;96.00
4239;2.00;7.00;83.00
4240;8.00;7.00;26.00
4241;3.00;10.00;2.00
4242;4.00;12.00;85.00
4243;1.00;8.00;41.00
4244;8.00;8.00;46.00
4245;8.00;4.00;15.00
4246;8.00;0.00;72.00
4247;8.00;4.00;22.00
4248;5.00;10.00;8.00
4249;9.00;1.00;12.00
4250;7.00;6.00;94.00
4251;4.00;10.00;95.00
4252;5.00;4.00;13.00
4253;7.00;12.00;22.00
4254;4.00;9.00;37.00
4255;6.00;2.00;77.00
4256;6.00;1.00;57.00
4257;1.00;11.00;49.00
4258;2.00;4.00;70.00
4259;4.00;3.00;6.00
4260;7.00;0.00;43.00
4261;3.00;10.00;1.00
4262;6.00;1.00;25.00
4263;1.00;1.00;74.00
4264;0.00;6.00;3.00
4265;2.00;12.00;20.00
4266;1.00;4.00;38.00
4267;7.00;10.00;72.00
4268;2.00;10.00;70.00
4269;1.00;0.00;85.00
4270;1.00;11.00;86.00
4271;9.00;0.00;41.00
4272;9.00;12.00;76.00
4273;1.00;5.00;95.00
4274;7.00;10.00;60.00
4275;9.00;8.00;43.00
4276;4.00;5.00;3.00
4277;2.00;9.00;51.00
4278;2.00;1.00;78.00
4279;8.00;8.00;73.00
4280;4.00;1.00;79.00
4281;7.00;7.00;43.00
4282;2.00;12.00;53.00
4283;0.00;5.00;63.00
4284;1.00;1.00;86.00
4285;1.00;4.00;27.00
4286;7.00;5.00;23.00
4287;8.00;11.00;6.00
4288;3.00;3.00;80.00
4289;1.00;7.00;83.00
4290;2.00;4.00;36.00
4291;4.00;5.00;84.00
4292;7.00;12.00;63.00
4293;5.00;3.00;33.00
4294;6.00;5.00;46.00
4295;8.00;1.00;40.00
4296;8.00;3.00;86.00
4297;4.00;11.00;59.00
4298;9.00;3.00;78.00
4299;2.00;1.00;61.00
4300;4.00;8.00;72.00
4301;5.00;5.00;62.00
4302;3.00;7.00;68.00
4303;8.00;10.00;83.00
4304;2.00;3.00;98.00
4305;1.00;1.00;33.00
4306;2.00;1.00;30.00
4307;3.00;2.00;74.00
4308;2.00;6.00;68.00
4309;3.00;5.00;74.00
4310;7.00;5.00;87.00
4311;2.00;2.00;21.00
4312;0.00;12.00;94.00
4313;4.00;0.00;35.00
4314;6.00;6.00;94.00
4315;1.00;11.00;87.00
4316;9.00;6.00;19.00
4317;9.00;1.00;66.00
4318;2.00;4.00;84.00
4319;1.00;12.00;82.00
4320;6.00;11.00;92.00
4321;3.00;12.00;28.00
4322;9.00;8.00;52.00
4323;6.00;6.00;3.00
4324;8.00;1.00;41.00
4325;1.00;5.00;8.00
4326;1.00;5.00;2.00
4327;6.00;2.00;0.00
4328;7.00;0.00;0.00
4329;6.00;7.00;33.00
4330;1.00;8.00;12.00
4331;3.00;6.00;6.00
4332;6.00;8.00;64.00
4333;0.00;2.00;45.00
4334;1.00;2.00;94.00
4335;2.00;11.00;91.00
4336;0.00;6.00;18.00
4337;9.00;5.00;87.00
4338;0.00;6.00;68.00
4339;2.00;11.00;98.00
4340;0.00;6.00;1.00
4341;4.00;12.00;7.00
4342;8.00;12.00;58.00
4343;5.00;7.00;1.00
4344;8.00;3.00;90.00
4345;5.00;11.00;90.00
4346;6.00;11.00;21.00
4347;5.00;11.00;30.00
4348;0.00;7.00;7.00
4349;4.00;12.00;46.00
4350;0.00;10.00;14.00
4351;4.00;10.00;73.00
4352;6.00;8.00;83.00
4353;3.00;12.00;87.00
4354;4.00;0.00;52.00
4355;8.00;12.00;47.00
4356;7.00;0.00;54.00
4357;1.00;0.00;13.00
4358;0.00;11.00;53.00
4359;3.00;8.00;4.00
4360;3.00;6.00;81.00
4361;4.00;10.00;56.00
4362;9.00;12.00;85.00
4363;0.00;0.00;46.00
4364;5.00;9.00;25.00
4365;0.00;1.00;96.00
4366;5.00;3.00;55.00
4367;0.00;10.00;94.00
4368;1.00;3.00;15.00
4369;3.00;12.00;3.00
4370;3.00;11.00;23.00
4371;2.00;4.00;56.00
4372;4.00;3.00;53.00
4373;4.00;5.00;66.00
4374;0.00;6.00;28.00
4375;0.00;11.00;92.00
4376;6.00;11.00;38.00
4377;0.00;8.00;16.00
4378;0.00;5.00;14.00
4379;5.00;7.00;77.00
4380;5.00;7.00;58.00
4381;7.00;9.00;98.00
4382;4.00;3.00;32.00
4383;4.00;8.00;65.00
4384;6.00;1.00;82.00
4385;9.00;9.00;91.00
4386;3.00;8.00;52.00
4387;5.00;1.00;86.00
4388;1.00;4.00;76.00
4389;6.00;12.00;59.00
4390;6.00;8.00;29.00
4391;7.00;2.00;0.00
4392;2.00;8.00;8.00
4393;1.00;10.00;86.00
4394;2.00;6.00;45.00
4395;7.00;1.00;99.00
4396;8.00;4.00;14.00
4397;9.00;2.00;92.00
4398;2.00;2.00;81.00
4399;9.00;7.00;43.00
4400;2.00;9.00;57.00
4401;5.00;10.00;50.00
4402;4.00;9.00;4.00
4403;5.00;6.00;15.00
4404;9.00;7.00;28.00
4405;0.00;6.00;81.00
4406;0.00;5.00;17.00
4407;8.00;10.00;56.00
4408;3.00;4.00;36.00
4409;2.00;5.00;95.00
4410;2.00;4.00;34.00
4411;5.00;10.00;25.00
4412;4.00;6.00;90.00
4413;2.00;5.00;23.00
4414;3.00;3.00;74.00
4415;1.00;7.00;62.00
4416;3.00;3.00;92.00
4417;9.00;12.00;17.00
4418;7.00;10.00;99.00
4419;0.00;9.00;63.00
4420;3.00;11.00;77.00
4421;7.00;5.00;98.00
4422;1.00;6.00;0.00
4423;7.00;12.00;52.00
4424;2.00;10.00;53.00
4425;4.00;7.00;39.00
4426;3.00;2.00;49.00
4427;9.00;10.00;19.00
4428;0.00;2.00;2.00
4429;0.00;2.00;17.00
4430;3.00;0.00;93.00
4431;6.00;3.00;73.00
4432;1.00;7.00;38.00
4433;2.00;8.00;22.00
4434;0.00;6.00;32.00
4435;5.00;7.00;52.00
4436;0.00;11.00;23.00
4437;4.00;4.00;34.00
4438;7.00;10.00;19.00
4439;6.00;8.00;91.00
4440;9.00;8.00;1.00
4441;9.00;5.00;41.00
4442;0.00;1.00;23.00
4443;5.00;11.00;69.00
4444;8.00;4.00;21.00
4445;5.00;5.00;89.00
4446;0.00;9.00;50.00
4447;0.00;2.00;90.00
4448;1.00;11.00;11.00
4449;7.00;11.00;67.00
4450;3.00;10.00;91.00
4451;0.00;2.00;43.00
4452;1.00;5.00;75.00
4453;7.00;1.00;89.00
4454;9.00;10.00;41.00
4455;4.00;0.00;0.00
4456;7.00;0.00;76.00
4457;8.00;0.00;73.00
4458;9.00;8.00;82.00
4459;0.00;4.00;72.00
4460;9.00;0.00;61.00
4461;1.00;3.00;32.00
4462;2.00;8.00;45.00
4463;6.00;2.00;59.00
4464;1.00;12.00;79.00
4465;7.00;6.00;75.00
4466;2.00;3.00;57.00
4467;7.00;1.00;74.00
4468;2.00;4.00;99.00
4469;3.00;7.00;37.00
4470;1.00;11.00;46.00
4471;0.00;7.00;53.00
4472;7.00;5.00;62.00
4473;0.00;6.00;0.00
4474;7.00;10.00;24.00
4475;0.00;7.00;14.00
4476;6.00;10.00;84.00
4477;2.00;6.00;93.00
4478;7.00;4.00;20.00
4479;4.00;11.00;40.00
4480;9.00;3.00;29.00
4481;1.00;5.00;34.00
4482;5.00;11.00;34.00
4483;3.00;8.00;58.00
4484;7.00;6.00;81.00
4485;4.00;1.00;91.00
4486;9.00;8.00;76.00
4487;5.00;4.00;59.00
4488;0.00;6.00;26.00
4489;7.00;8.00;78.00
4490;7.00;9.00;34.00
4491;2.00;2.00;51.00
4492;0.00;2.00;19.00
4493;8.00;2.00;75.00
4494;7.00;8.00;33.00
4495;6.00;9.00;50.00
4867;4.00;11.00;20.00
4868;9.00;2.00;33.00
4869;8.00;8.00;68.00
